posting_date,entry_type,document_type,document_no,document_line_no,item_no,variant_code,description,document_created_at,branch_representative,project,return_reason_code,location_code,lot_no,expiration_date,serial_no,quantity,invoiced_quantity,remaining_quantity,shipped_qty_not_returned,reserved_quantity,open,order_type,entry_no,source_file,import_period,created_at,updated_at
2026-09-01,Transfer,Transfer Receipt,PTR-2609-0024,60000,TF4D2,,,2026-09-01,CAB01-JKT,,,MDN-PAR,041126BKS,2031-03-31,,600,600,600,0,0,True,Transfer,3460919,receiving_detail.xlsx,2026-09,2026-09-03T06:40:33.737466,2026-09-03T06:40:33.737466
2026-09-01,Transfer,Transfer Receipt,PTR-2609-0024,50000,HD PACK-2B,,,2026-09-01,CAB01-JKT,,,MDN-PAR,OP3/5391,2031-07-31,,1000,1000,1000,0,0,True,Transfer,3460917,receiving_detail.xlsx,2026-09,2026-09-03T06:40:33.737466,2026-09-03T06:40:33.737466
2026-09-01,Transfer,Transfer Receipt,PTR-2609-0024,40000,A133-V702,,,2026-09-01,CAB01-JKT,,,MDN-PAR,26F20,2031-05-31,,144,144,144,0,0,True,Transfer,3460915,receiving_detail.xlsx,2026-09,2026-09-03T06:40:33.737466,2026-09-03T06:40:33.737466
2026-09-01,Transfer,Transfer Receipt,PTR-2609-0024,30000,PR-325278-KIT,,,2026-09-01,CAB01-JKT,,,MDN-PAR,F053054R,2030-12-09,,15,15,15,0,0,True,Transfer,3460913,receiving_detail.xlsx,2026-09,2026-09-03T06:40:33.737466,2026-09-03T06:40:33.737466
2026-09-01,Transfer,Transfer Receipt,PTR-2609-0023,20000,ELISIO1-15H,,,2026-09-01,CAB01-JKT,,,MDN-PAR,26B03CHR,2029-01-31,,4680,4680,4680,0,0,True,Transfer,3460895,receiving_detail.xlsx,2026-09,2026-09-03T06:40:33.737466,2026-09-03T06:40:33.737466
2026-09-01,Transfer,Transfer Receipt,PTR-2609-0023,10000,FG-SC-002,,,2026-09-01,CAB01-JKT,,,MDN-PAR,J-26-0715-01,2028-07-15,,142,142,142,0,0,True,Transfer,3460893,receiving_detail.xlsx,2026-09,2026-09-03T06:40:33.737466,2026-09-03T06:40:33.737466
2026-09-01,Transfer,Transfer Receipt,PTR-2609-0023,10000,FG-SC-002,,,2026-09-01,CAB01-JKT,,,MDN-PAR,J-26-0714-11,2028-07-14,,960,960,960,0,0,True,Transfer,3460891,receiving_detail.xlsx,2026-09,2026-09-03T06:40:33.737466,2026-09-03T06:40:33.737466
2026-09-01,Transfer,Transfer Receipt,PTR-2609-0023,10000,FG-SC-002,,,2026-09-01,CAB01-JKT,,,MDN-PAR,J-26-0714-12,2028-07-14,,160,160,160,0,0,True,Transfer,3460889,receiving_detail.xlsx,2026-09,2026-09-03T06:40:33.737466,2026-09-03T06:40:33.737466
2026-09-01,Transfer,Transfer Receipt,PTR-2609-0023,10000,FG-SC-002,,,2026-09-01,CAB01-JKT,,,MDN-PAR,J-26-0714-10,2028-07-14,,161,161,161,0,0,True,Transfer,3460887,receiving_detail.xlsx,2026-09,2026-09-03T06:40:33.737466,2026-09-03T06:40:33.737466
2026-09-01,Transfer,Transfer Receipt,PTR-2609-0023,10000,FG-SC-002,,,2026-09-01,CAB01-JKT,,,MDN-PAR,J-26-0714-13,2028-07-14,,960,960,960,0,0,True,Transfer,3460885,receiving_detail.xlsx,2026-09,2026-09-03T06:40:33.737466,2026-09-03T06:40:33.737466
2026-09-01,Transfer,Transfer Receipt,PTR-2609-0023,10000,FG-SC-002,,,2026-09-01,CAB01-JKT,,,MDN-PAR,J-26-0714-08,2028-07-14,,960,960,960,0,0,True,Transfer,3460883,receiving_detail.xlsx,2026-09,2026-09-03T06:40:33.737466,2026-09-03T06:40:33.737466
2026-09-01,Transfer,Transfer Receipt,PTR-2609-0023,10000,FG-SC-002,,,2026-09-01,CAB01-JKT,,,MDN-PAR,J-26-0714-07,2028-07-14,,960,960,960,0,0,True,Transfer,3460881,receiving_detail.xlsx,2026-09,2026-09-03T06:40:33.737466,2026-09-03T06:40:33.737466
2026-09-01,Transfer,Transfer Receipt,PTR-2609-0023,10000,FG-SC-002,,,2026-09-01,CAB01-JKT,,,MDN-PAR,J-26-0714-09,2028-07-14,,960,960,960,0,0,True,Transfer,3460879,receiving_detail.xlsx,2026-09,2026-09-03T06:40:33.737466,2026-09-03T06:40:33.737466
2026-09-01,Transfer,Transfer Receipt,PTR-2609-0023,10000,FG-SC-002,,,2026-09-01,CAB01-JKT,,,MDN-PAR,J-26-0714-05,2028-07-14,,960,960,960,0,0,True,Transfer,3460877,receiving_detail.xlsx,2026-09,2026-09-03T06:40:33.737466,2026-09-03T06:40:33.737466
2026-09-01,Transfer,Transfer Receipt,PTR-2609-0023,10000,FG-SC-002,,,2026-09-01,CAB01-JKT,,,MDN-PAR,J-26-0714-04,2028-07-14,,160,160,160,0,0,True,Transfer,3460875,receiving_detail.xlsx,2026-09,2026-09-03T06:40:33.737466,2026-09-03T06:40:33.737466
2026-09-01,Transfer,Transfer Receipt,PTR-2609-0023,10000,FG-SC-002,,,2026-09-01,CAB01-JKT,,,MDN-PAR,J-26-0714-06,2028-07-14,,960,960,960,0,0,True,Transfer,3460873,receiving_detail.xlsx,2026-09,2026-09-03T06:40:33.737466,2026-09-03T06:40:33.737466
2026-09-01,Transfer,Transfer Receipt,PTR-2609-0023,10000,FG-SC-002,,,2026-09-01,CAB01-JKT,,,MDN-PAR,J-26-0714-03,2028-07-14,,160,160,160,0,0,True,Transfer,3460871,receiving_detail.xlsx,2026-09,2026-09-03T06:40:33.737466,2026-09-03T06:40:33.737466
2026-09-01,Transfer,Transfer Receipt,PTR-2609-0023,10000,FG-SC-002,,,2026-09-01,CAB01-JKT,,,MDN-PAR,J-26-0714-02,2028-07-14,,160,160,160,0,0,True,Transfer,3460869,receiving_detail.xlsx,2026-09,2026-09-03T06:40:33.737466,2026-09-03T06:40:33.737466
2026-09-01,Transfer,Transfer Receipt,PTR-2609-0023,10000,FG-SC-002,,,2026-09-01,CAB01-JKT,,,MDN-PAR,J-26-0714-01,2028-07-14,,337,337,337,0,0,True,Transfer,3460867,receiving_detail.xlsx,2026-09,2026-09-03T06:40:33.737466,2026-09-03T06:40:33.737466
2026-08-31,Transfer,Transfer Receipt,PTR-2608-0946,10000,AK1-10L,,,2026-08-31,CAB01-JKT,,,MDN-PAR,J-26-0623-10,2028-06-23,,570,570,570,0,0,True,Transfer,3457229,receiving_detail.xlsx,2026-09,2026-09-03T06:40:33.737466,2026-09-03T06:40:33.737466
2026-08-31,Transfer,Transfer Receipt,PTR-2608-0946,10000,AK1-10L,,,2026-08-31,CAB01-JKT,,,MDN-PAR,J-26-0622-10,2028-06-22,,639,639,639,0,0,True,Transfer,3457227,receiving_detail.xlsx,2026-09,2026-09-03T06:40:33.737466,2026-09-03T06:40:33.737466
2026-08-31,Transfer,Transfer Receipt,PTR-2608-0946,10000,AK1-10L,,,2026-08-31,CAB01-JKT,,,MDN-PAR,J-26-0622-7,2028-06-22,,641,641,641,0,0,True,Transfer,3457225,receiving_detail.xlsx,2026-09,2026-09-03T06:40:33.737466,2026-09-03T06:40:33.737466
2026-08-27,Transfer,Transfer Receipt,PTR-2608-0855,40000,DS50LS-R-N,,,2026-08-27,CAB01-JKT,,,MDN-PAR,26F0701J,2031-05-31,,31320,31320,31320,0,0,True,Transfer,3453848,receiving_detail.xlsx,2026-09,2026-09-03T06:40:33.737466,2026-09-03T06:40:33.737466
2026-08-27,Transfer,Transfer Receipt,PTR-2608-0855,40000,DS50LS-R-N,,,2026-08-27,CAB01-JKT,,,MDN-PAR,26F0701J,2031-05-31,,10800,10800,10800,0,0,True,Transfer,3453847,receiving_detail.xlsx,2026-09,2026-09-03T06:40:33.737466,2026-09-03T06:40:33.737466
2026-08-27,Transfer,Transfer Receipt,PTR-2608-0855,40000,DS50LS-R-N,,,2026-08-27,CAB01-JKT,,,MDN-PAR,26F0701J,2031-05-31,,1440,1440,1440,0,0,True,Transfer,3453846,receiving_detail.xlsx,2026-09,2026-09-03T06:40:33.737466,2026-09-03T06:40:33.737466
2026-08-27,Transfer,Transfer Receipt,PTR-2608-0855,30000,AVF1625-HC-N,,,2026-08-27,CAB01-JKT,,,MDN-PAR,26G0606J,2031-06-30,,15000,15000,15000,0,0,True,Transfer,3453844,receiving_detail.xlsx,2026-09,2026-09-03T06:40:33.737466,2026-09-03T06:40:33.737466
2026-08-27,Transfer,Transfer Receipt,PTR-2608-0855,30000,AVF1625-HC-N,,,2026-08-27,CAB01-JKT,,,MDN-PAR,26G0306J,2031-06-30,,9000,9000,9000,0,0,True,Transfer,3453842,receiving_detail.xlsx,2026-09,2026-09-03T06:40:33.737466,2026-09-03T06:40:33.737466
2026-08-27,Transfer,Transfer Receipt,PTR-2608-0855,30000,AVF1625-HC-N,,,2026-08-27,CAB01-JKT,,,MDN-PAR,26G0306J,2031-06-30,,12500,12500,12500,0,0,True,Transfer,3453841,receiving_detail.xlsx,2026-09,2026-09-03T06:40:33.737466,2026-09-03T06:40:33.737466
2026-08-27,Transfer,Transfer Receipt,PTR-2608-0855,30000,AVF1625-HC-N,,,2026-08-27,CAB01-JKT,,,MDN-PAR,26G0306J,2031-06-30,,1000,1000,1000,0,0,True,Transfer,3453840,receiving_detail.xlsx,2026-09,2026-09-03T06:40:33.737466,2026-09-03T06:40:33.737466
2026-08-27,Transfer,Transfer Receipt,PTR-2608-0855,20000,NIC2225-N-E,,,2026-08-27,CAB01-JKT,,,MDN-PAR,26F2906J,2031-05-31,,4000,4000,4000,0,0,True,Transfer,3453838,receiving_detail.xlsx,2026-09,2026-09-03T06:40:33.737466,2026-09-03T06:40:33.737466
2026-08-27,Transfer,Transfer Receipt,PTR-2608-0855,10000,A016-R-V604R,,,2026-08-27,CAB01-JKT,,,MDN-PAR,26H08L6J,2031-07-31,,4400,4400,4400,0,0,True,Transfer,3453836,receiving_detail.xlsx,2026-09,2026-09-03T06:40:33.737466,2026-09-03T06:40:33.737466
2026-08-26,Transfer,Transfer Receipt,PTR-2608-0801,60000,SFE07,,,2026-08-26,CAB01-JKT,,,MDN-PAR,26E11AR,2029-04-30,,24,24,24,0,0,True,Transfer,3451343,receiving_detail.xlsx,2026-09,2026-09-03T06:40:33.737466,2026-09-03T06:40:33.737466
2026-08-26,Transfer,Transfer Receipt,PTR-2608-0801,50000,ELISIO1-15H,,,2026-08-26,CAB01-JKT,,,MDN-PAR,26B26CHR,2029-01-31,,720,720,720,0,0,True,Transfer,3451341,receiving_detail.xlsx,2026-09,2026-09-03T06:40:33.737466,2026-09-03T06:40:33.737466
2026-08-26,Transfer,Transfer Receipt,PTR-2608-0801,50000,ELISIO1-15H,,,2026-08-26,CAB01-JKT,,,MDN-PAR,26B20CHR,2029-01-31,,5280,5280,5280,0,0,True,Transfer,3451339,receiving_detail.xlsx,2026-09,2026-09-03T06:40:33.737466,2026-09-03T06:40:33.737466
2026-08-26,Transfer,Transfer Receipt,PTR-2608-0801,40000,A133-V702,,,2026-08-26,CAB01-JKT,,,MDN-PAR,26C12,2031-02-28,,6,6,0,0,0,False,Transfer,3451337,receiving_detail.xlsx,2026-09,2026-09-03T06:40:33.737466,2026-09-03T06:40:33.737466
2026-08-26,Transfer,Transfer Receipt,PTR-2608-0801,40000,A133-V702,,,2026-08-26,CAB01-JKT,,,MDN-PAR,26C12,2031-02-28,,18,18,0,0,0,False,Transfer,3451336,receiving_detail.xlsx,2026-09,2026-09-03T06:40:33.737466,2026-09-03T06:40:33.737466
2026-08-26,Transfer,Transfer Receipt,PTR-2608-0801,30000,HD PACK-2B,,,2026-08-26,CAB01-JKT,,,MDN-PAR,OP3/5391,2031-07-31,,500,500,500,0,0,True,Transfer,3451334,receiving_detail.xlsx,2026-09,2026-09-03T06:40:33.737466,2026-09-03T06:40:33.737466
2026-08-26,Transfer,Transfer Receipt,PTR-2608-0801,20000,FG-SC-002,,,2026-08-26,CAB01-JKT,,,MDN-PAR,J-26-0707-12,2028-07-07,,86,86,86,0,0,True,Transfer,3451332,receiving_detail.xlsx,2026-09,2026-09-03T06:40:33.737466,2026-09-03T06:40:33.737466
2026-08-26,Transfer,Transfer Receipt,PTR-2608-0801,20000,FG-SC-002,,,2026-08-26,CAB01-JKT,,,MDN-PAR,J-26-0707-13,2028-07-07,,958,958,958,0,0,True,Transfer,3451330,receiving_detail.xlsx,2026-09,2026-09-03T06:40:33.737466,2026-09-03T06:40:33.737466
2026-08-26,Transfer,Transfer Receipt,PTR-2608-0801,20000,FG-SC-002,,,2026-08-26,CAB01-JKT,,,MDN-PAR,J-26-0708-01,2028-07-08,,958,958,958,0,0,True,Transfer,3451328,receiving_detail.xlsx,2026-09,2026-09-03T06:40:33.737466,2026-09-03T06:40:33.737466
2026-08-26,Transfer,Transfer Receipt,PTR-2608-0801,20000,FG-SC-002,,,2026-08-26,CAB01-JKT,,,MDN-PAR,J-26-0708-02,2028-07-08,,158,158,158,0,0,True,Transfer,3451326,receiving_detail.xlsx,2026-09,2026-09-03T06:40:33.737466,2026-09-03T06:40:33.737466
2026-08-26,Transfer,Transfer Receipt,PTR-2608-0801,20000,FG-SC-002,,,2026-08-26,CAB01-JKT,,,MDN-PAR,J-26-0708-03,2028-07-08,,158,158,158,0,0,True,Transfer,3451324,receiving_detail.xlsx,2026-09,2026-09-03T06:40:33.737466,2026-09-03T06:40:33.737466
2026-08-26,Transfer,Transfer Receipt,PTR-2608-0801,20000,FG-SC-002,,,2026-08-26,CAB01-JKT,,,MDN-PAR,J-26-0708-04,2028-07-08,,158,158,158,0,0,True,Transfer,3451322,receiving_detail.xlsx,2026-09,2026-09-03T06:40:33.737466,2026-09-03T06:40:33.737466
2026-08-26,Transfer,Transfer Receipt,PTR-2608-0801,20000,FG-SC-002,,,2026-08-26,CAB01-JKT,,,MDN-PAR,J-26-0708-05,2028-07-08,,158,158,158,0,0,True,Transfer,3451320,receiving_detail.xlsx,2026-09,2026-09-03T06:40:33.737466,2026-09-03T06:40:33.737466
2026-08-26,Transfer,Transfer Receipt,PTR-2608-0801,20000,FG-SC-002,,,2026-08-26,CAB01-JKT,,,MDN-PAR,J-26-0708-06,2028-07-08,,158,158,158,0,0,True,Transfer,3451318,receiving_detail.xlsx,2026-09,2026-09-03T06:40:33.737466,2026-09-03T06:40:33.737466
2026-08-26,Transfer,Transfer Receipt,PTR-2608-0801,20000,FG-SC-002,,,2026-08-26,CAB01-JKT,,,MDN-PAR,J-26-0708-07,2028-07-08,,958,958,208,0,0,True,Transfer,3451316,receiving_detail.xlsx,2026-09,2026-09-03T06:40:33.737466,2026-09-03T06:40:33.737466
2026-08-26,Transfer,Transfer Receipt,PTR-2608-0801,20000,FG-SC-002,,,2026-08-26,CAB01-JKT,,,MDN-PAR,J-26-0708-08,2028-07-08,,158,158,158,0,0,True,Transfer,3451314,receiving_detail.xlsx,2026-09,2026-09-03T06:40:33.737466,2026-09-03T06:40:33.737466
2026-08-26,Transfer,Transfer Receipt,PTR-2608-0801,20000,FG-SC-002,,,2026-08-26,CAB01-JKT,,,MDN-PAR,J-26-0708-09,2028-07-08,,158,158,158,0,0,True,Transfer,3451312,receiving_detail.xlsx,2026-09,2026-09-03T06:40:33.737466,2026-09-03T06:40:33.737466
2026-08-26,Transfer,Transfer Receipt,PTR-2608-0801,20000,FG-SC-002,,,2026-08-26,CAB01-JKT,,,MDN-PAR,J-26-0708-10,2028-07-08,,158,158,158,0,0,True,Transfer,3451310,receiving_detail.xlsx,2026-09,2026-09-03T06:40:33.737466,2026-09-03T06:40:33.737466
2026-08-26,Transfer,Transfer Receipt,PTR-2608-0801,20000,FG-SC-002,,,2026-08-26,CAB01-JKT,,,MDN-PAR,J-26-0708-11,2028-07-08,,958,958,958,0,0,True,Transfer,3451308,receiving_detail.xlsx,2026-09,2026-09-03T06:40:33.737466,2026-09-03T06:40:33.737466
2026-08-26,Transfer,Transfer Receipt,PTR-2608-0801,20000,FG-SC-002,,,2026-08-26,CAB01-JKT,,,MDN-PAR,J-26-0708-12,2028-07-08,,958,958,958,0,0,True,Transfer,3451306,receiving_detail.xlsx,2026-09,2026-09-03T06:40:33.737466,2026-09-03T06:40:33.737466
2026-08-26,Transfer,Transfer Receipt,PTR-2608-0801,20000,FG-SC-002,,,2026-08-26,CAB01-JKT,,,MDN-PAR,J-26-0708-13,2028-07-08,,260,260,260,0,0,True,Transfer,3451304,receiving_detail.xlsx,2026-09,2026-09-03T06:40:33.737466,2026-09-03T06:40:33.737466
2026-08-26,Transfer,Transfer Receipt,PTR-2608-0801,10000,7022V PDM-13-BLUE,,,2026-08-26,CAB01-JKT,,,MDN-PAR,35116535,9999-12-31,,6750,6750,6750,0,0,True,Transfer,3451302,receiving_detail.xlsx,2026-09,2026-09-03T06:40:33.737466,2026-09-03T06:40:33.737466
2026-08-26,Transfer,Transfer Receipt,PTR-2608-0801,10000,7022V PDM-13-BLUE,,,2026-08-26,CAB01-JKT,,,MDN-PAR,35116535,9999-12-31,,750,750,750,0,0,True,Transfer,3451301,receiving_detail.xlsx,2026-09,2026-09-03T06:40:33.737466,2026-09-03T06:40:33.737466
2026-08-24,Transfer,Transfer Receipt,PTR-2608-0771,50000,A016-R-V604R,,,2026-08-24,CAB01-JKT,,,MDN-PAR,26G17L6J,2031-06-30,,2200,2200,904,0,0,True,Transfer,3449280,receiving_detail.xlsx,2026-09,2026-09-03T06:40:33.737466,2026-09-03T06:40:33.737466
2026-08-24,Transfer,Transfer Receipt,PTR-2608-0771,50000,A016-R-V604R,,,2026-08-24,CAB01-JKT,,,MDN-PAR,26G15L6J,2031-06-30,,4664,4664,4664,0,0,True,Transfer,3449278,receiving_detail.xlsx,2026-09,2026-09-03T06:40:33.737466,2026-09-03T06:40:33.737466
2026-08-24,Transfer,Transfer Receipt,PTR-2608-0771,40000,DS50LS-R-N,,,2026-08-24,CAB01-JKT,,,MDN-PAR,26E0701J,2031-04-30,,10800,10800,10800,0,0,True,Transfer,3449276,receiving_detail.xlsx,2026-09,2026-09-03T06:40:33.737466,2026-09-03T06:40:33.737466
2026-08-24,Transfer,Transfer Receipt,PTR-2608-0771,30000,DS10L2138R-N,,,2026-08-24,CAB01-JKT,,,MDN-PAR,26E2610J,2031-04-30,,2000,2000,2000,0,0,True,Transfer,3449274,receiving_detail.xlsx,2026-09,2026-09-03T06:40:33.737466,2026-09-03T06:40:33.737466
2026-08-24,Transfer,Transfer Receipt,PTR-2608-0771,30000,DS10L2138R-N,,,2026-08-24,CAB01-JKT,,,MDN-PAR,26E2510J,2031-04-30,,48000,48000,48000,0,0,True,Transfer,3449272,receiving_detail.xlsx,2026-09,2026-09-03T06:40:33.737466,2026-09-03T06:40:33.737466
2026-08-24,Transfer,Transfer Receipt,PTR-2608-0771,20000,NIC2225-N-E,,,2026-08-24,CAB01-JKT,,,MDN-PAR,26F2906J,2031-05-31,,6000,6000,6000,0,0,True,Transfer,3449270,receiving_detail.xlsx,2026-09,2026-09-03T06:40:33.737466,2026-09-03T06:40:33.737466
2026-08-24,Transfer,Transfer Receipt,PTR-2608-0771,10000,AVF1625-HC-N,,,2026-08-24,CAB01-JKT,,,MDN-PAR,26F0306J,2031-05-31,,35000,35000,35000,0,0,True,Transfer,3449268,receiving_detail.xlsx,2026-09,2026-09-03T06:40:33.737466,2026-09-03T06:40:33.737466
2026-08-20,Transfer,Transfer Receipt,PTR-2608-0624,10000,AK1-10L,,,2026-08-20,CAB01-JKT,,,MDN-PAR,J-26-0620-5,2028-06-20,,609,609,609,0,0,True,Transfer,3444250,receiving_detail.xlsx,2026-09,2026-09-03T06:40:33.737466,2026-09-03T06:40:33.737466
2026-08-20,Transfer,Transfer Receipt,PTR-2608-0624,10000,AK1-10L,,,2026-08-20,CAB01-JKT,,,MDN-PAR,J-26-0618-7,2028-06-18,,600,600,600,0,0,True,Transfer,3444248,receiving_detail.xlsx,2026-09,2026-09-03T06:40:33.737466,2026-09-03T06:40:33.737466
2026-08-20,Transfer,Transfer Receipt,PTR-2608-0624,10000,AK1-10L,,,2026-08-20,CAB01-JKT,,,MDN-PAR,J-26-0617-9,2028-06-17,,641,641,641,0,0,True,Transfer,3444246,receiving_detail.xlsx,2026-09,2026-09-03T06:40:33.737466,2026-09-03T06:40:33.737466
2026-08-10,Transfer,Transfer Receipt,PTR-2608-0221,10000,FG-SC-002,,,2026-08-10,CAB01-JKT,,,MDN-PAR,J-26-0717-02,2028-07-17,,621,621,621,0,0,True,Transfer,3424445,receiving_detail.xlsx,2026-09,2026-09-03T06:40:33.737466,2026-09-03T06:40:33.737466
2026-08-10,Transfer,Transfer Receipt,PTR-2608-0221,10000,FG-SC-002,,,2026-08-10,CAB01-JKT,,,MDN-PAR,J-26-0717-01,2028-07-17,,160,160,160,0,0,True,Transfer,3424443,receiving_detail.xlsx,2026-09,2026-09-03T06:40:33.737466,2026-09-03T06:40:33.737466
2026-08-10,Transfer,Transfer Receipt,PTR-2608-0221,10000,FG-SC-002,,,2026-08-10,CAB01-JKT,,,MDN-PAR,J-26-0716-13,2028-07-16,,160,160,160,0,0,True,Transfer,3424441,receiving_detail.xlsx,2026-09,2026-09-03T06:40:33.737466,2026-09-03T06:40:33.737466
2026-08-10,Transfer,Transfer Receipt,PTR-2608-0221,10000,FG-SC-002,,,2026-08-10,CAB01-JKT,,,MDN-PAR,J-26-0716-12,2028-07-16,,960,960,960,0,0,True,Transfer,3424439,receiving_detail.xlsx,2026-09,2026-09-03T06:40:33.737466,2026-09-03T06:40:33.737466
2026-08-10,Transfer,Transfer Receipt,PTR-2608-0221,10000,FG-SC-002,,,2026-08-10,CAB01-JKT,,,MDN-PAR,J-26-0716-11,2028-07-16,,960,960,960,0,0,True,Transfer,3424437,receiving_detail.xlsx,2026-09,2026-09-03T06:40:33.737466,2026-09-03T06:40:33.737466
2026-08-10,Transfer,Transfer Receipt,PTR-2608-0221,10000,FG-SC-002,,,2026-08-10,CAB01-JKT,,,MDN-PAR,J-26-0716-10,2028-07-16,,160,160,160,0,0,True,Transfer,3424435,receiving_detail.xlsx,2026-09,2026-09-03T06:40:33.737466,2026-09-03T06:40:33.737466
2026-08-10,Transfer,Transfer Receipt,PTR-2608-0221,10000,FG-SC-002,,,2026-08-10,CAB01-JKT,,,MDN-PAR,J-26-0716-09,2028-07-16,,960,960,16,0,0,True,Transfer,3424433,receiving_detail.xlsx,2026-09,2026-09-03T06:40:33.737466,2026-09-03T06:40:33.737466
2026-08-10,Transfer,Transfer Receipt,PTR-2608-0221,10000,FG-SC-002,,,2026-08-10,CAB01-JKT,,,MDN-PAR,J-26-0716-08,2028-07-16,,160,160,160,0,0,True,Transfer,3424431,receiving_detail.xlsx,2026-09,2026-09-03T06:40:33.737466,2026-09-03T06:40:33.737466
2026-08-10,Transfer,Transfer Receipt,PTR-2608-0221,10000,FG-SC-002,,,2026-08-10,CAB01-JKT,,,MDN-PAR,J-26-0716-07,2028-07-16,,160,160,160,0,0,True,Transfer,3424429,receiving_detail.xlsx,2026-09,2026-09-03T06:40:33.737466,2026-09-03T06:40:33.737466
2026-08-10,Transfer,Transfer Receipt,PTR-2608-0221,10000,FG-SC-002,,,2026-08-10,CAB01-JKT,,,MDN-PAR,J-26-0716-06,2028-07-16,,160,160,160,0,0,True,Transfer,3424427,receiving_detail.xlsx,2026-09,2026-09-03T06:40:33.737466,2026-09-03T06:40:33.737466
2026-08-10,Transfer,Transfer Receipt,PTR-2608-0221,10000,FG-SC-002,,,2026-08-10,CAB01-JKT,,,MDN-PAR,J-26-0716-05,2028-07-16,,960,960,960,0,0,True,Transfer,3424425,receiving_detail.xlsx,2026-09,2026-09-03T06:40:33.737466,2026-09-03T06:40:33.737466
2026-08-10,Transfer,Transfer Receipt,PTR-2608-0221,10000,FG-SC-002,,,2026-08-10,CAB01-JKT,,,MDN-PAR,J-26-0716-04,2028-07-16,,960,960,960,0,0,True,Transfer,3424423,receiving_detail.xlsx,2026-09,2026-09-03T06:40:33.737466,2026-09-03T06:40:33.737466
2026-08-10,Transfer,Transfer Receipt,PTR-2608-0221,10000,FG-SC-002,,,2026-08-10,CAB01-JKT,,,MDN-PAR,J-26-0716-03,2028-07-16,,960,960,960,0,0,True,Transfer,3424421,receiving_detail.xlsx,2026-09,2026-09-03T06:40:33.737466,2026-09-03T06:40:33.737466
2026-08-10,Transfer,Transfer Receipt,PTR-2608-0221,10000,FG-SC-002,,,2026-08-10,CAB01-JKT,,,MDN-PAR,J-26-0716-02,2028-07-16,,659,659,659,0,0,True,Transfer,3424419,receiving_detail.xlsx,2026-09,2026-09-03T06:40:33.737466,2026-09-03T06:40:33.737466
2026-08-07,Transfer,Transfer Receipt,PTR-2608-0208,10000,AK1-10L,,,2026-08-07,CAB01-JKT,,,MDN-PAR,J-26-0610-7,2028-06-10,,339,339,339,0,0,True,Transfer,3423904,receiving_detail.xlsx,2026-09,2026-09-03T06:40:33.737466,2026-09-03T06:40:33.737466
2026-08-07,Transfer,Transfer Receipt,PTR-2608-0208,10000,AK1-10L,,,2026-08-07,CAB01-JKT,,,MDN-PAR,J-26-0609-10,2028-06-09,,641,641,641,0,0,True,Transfer,3423902,receiving_detail.xlsx,2026-09,2026-09-03T06:40:33.737466,2026-09-03T06:40:33.737466
2026-08-07,Transfer,Transfer Receipt,PTR-2608-0208,10000,AK1-10L,,,2026-08-07,CAB01-JKT,,,MDN-PAR,J-26-0609-11,2028-06-09,,60,60,60,0,0,True,Transfer,3423900,receiving_detail.xlsx,2026-09,2026-09-03T06:40:33.737466,2026-09-03T06:40:33.737466
2026-08-07,Transfer,Transfer Receipt,PTR-2608-0208,10000,AK1-10L,,,2026-08-07,CAB01-JKT,,,MDN-PAR,J-26-0608-7,2028-06-08,,169,169,169,0,0,True,Transfer,3423898,receiving_detail.xlsx,2026-09,2026-09-03T06:40:33.737466,2026-09-03T06:40:33.737466
2026-08-07,Transfer,Transfer Receipt,PTR-2608-0208,10000,AK1-10L,,,2026-08-07,CAB01-JKT,,,MDN-PAR,J-26-0609-6,2028-06-09,,641,641,641,0,0,True,Transfer,3423896,receiving_detail.xlsx,2026-09,2026-09-03T06:40:33.737466,2026-09-03T06:40:33.737466
2026-08-07,Transfer,Transfer Receipt,PTR-2608-0204,80000,SFE07,,,2026-08-07,CAB01-JKT,,,MDN-PAR,26E11AR,2029-04-30,,48,48,46,0,0,True,Transfer,3423679,receiving_detail.xlsx,2026-09,2026-09-03T06:40:33.737466,2026-09-03T06:40:33.737466
2026-08-07,Transfer,Transfer Receipt,PTR-2608-0204,70000,SFE09,,,2026-08-07,CAB01-JKT,,,MDN-PAR,26E11AR,2029-04-30,,57,57,57,0,0,True,Transfer,3423677,receiving_detail.xlsx,2026-09,2026-09-03T06:40:33.737466,2026-09-03T06:40:33.737466
2026-08-07,Transfer,Transfer Receipt,PTR-2608-0204,70000,SFE09,,,2026-08-07,CAB01-JKT,,,MDN-PAR,26E11AR,2029-04-30,,63,63,63,0,0,True,Transfer,3423676,receiving_detail.xlsx,2026-09,2026-09-03T06:40:33.737466,2026-09-03T06:40:33.737466
2026-08-07,Transfer,Transfer Receipt,PTR-2608-0204,60000,ELISIO-11H,,,2026-08-07,CAB01-JKT,,,MDN-PAR,26C19CR,2029-02-28,,20,20,20,0,0,True,Transfer,3423674,receiving_detail.xlsx,2026-09,2026-09-03T06:40:33.737466,2026-09-03T06:40:33.737466
2026-08-07,Transfer,Transfer Receipt,PTR-2608-0204,60000,ELISIO-11H,,,2026-08-07,CAB01-JKT,,,MDN-PAR,26C19CR,2029-02-28,,220,220,195,0,0,True,Transfer,3423673,receiving_detail.xlsx,2026-09,2026-09-03T06:40:33.737466,2026-09-03T06:40:33.737466
2026-08-07,Transfer,Transfer Receipt,PTR-2608-0204,50000,A133-V702,,,2026-08-07,CAB01-JKT,,,MDN-PAR,26C12,2031-02-28,,48,48,0,0,0,False,Transfer,3423671,receiving_detail.xlsx,2026-09,2026-09-03T06:40:33.737466,2026-09-03T06:40:33.737466
2026-08-07,Transfer,Transfer Receipt,PTR-2608-0204,30000,7022V PDM-13-BLUE,,,2026-08-07,CAB01-JKT,,,MDN-PAR,35116535,9999-12-31,,7500,7500,7500,0,0,True,Transfer,3423669,receiving_detail.xlsx,2026-09,2026-09-03T06:40:33.737466,2026-09-03T06:40:33.737466
2026-08-07,Transfer,Transfer Receipt,PTR-2608-0204,20000,7022V PDM-12-PINK,,,2026-08-07,CAB01-JKT,,,MDN-PAR,35116534,9999-12-31,,7500,7500,7500,0,0,True,Transfer,3423667,receiving_detail.xlsx,2026-09,2026-09-03T06:40:33.737466,2026-09-03T06:40:33.737466
2026-08-07,Transfer,Transfer Receipt,PTR-2608-0204,10000,NIC2025-N-E,,,2026-08-07,CAB01-JKT,,,MDN-PAR,23L0906J,2028-11-30,,12,12,0,0,0,False,Transfer,3423665,receiving_detail.xlsx,2026-09,2026-09-03T06:40:33.737466,2026-09-03T06:40:33.737466
2026-08-07,Transfer,Transfer Receipt,PTR-2608-0204,10000,NIC2025-N-E,,,2026-08-07,CAB01-JKT,,,MDN-PAR,25L2106J,2030-11-30,,808,808,650,0,0,True,Transfer,3423663,receiving_detail.xlsx,2026-09,2026-09-03T06:40:33.737466,2026-09-03T06:40:33.737466
2026-08-07,Transfer,Transfer Receipt,PTR-2608-0204,10000,NIC2025-N-E,,,2026-08-07,CAB01-JKT,,,MDN-PAR,24G1206J,2029-06-30,,1765,1765,200,0,0,True,Transfer,3423661,receiving_detail.xlsx,2026-09,2026-09-03T06:40:33.737466,2026-09-03T06:40:33.737466
2026-08-07,Transfer,Transfer Receipt,PTR-2608-0204,10000,NIC2025-N-E,,,2026-08-07,CAB01-JKT,,,MDN-PAR,24G1206J,2029-06-30,,2000,2000,0,0,0,False,Transfer,3423660,receiving_detail.xlsx,2026-09,2026-09-03T06:40:33.737466,2026-09-03T06:40:33.737466
2026-08-07,Transfer,Transfer Receipt,PTR-2608-0204,10000,NIC2025-N-E,,,2026-08-07,CAB01-JKT,,,MDN-PAR,24G1206J,2029-06-30,,100,100,0,0,0,False,Transfer,3423659,receiving_detail.xlsx,2026-09,2026-09-03T06:40:33.737466,2026-09-03T06:40:33.737466
2026-08-07,Transfer,Transfer Receipt,PTR-2608-0204,10000,NIC2025-N-E,,,2026-08-07,CAB01-JKT,,,MDN-PAR,24G1206J,2029-06-30,,135,135,0,0,0,False,Transfer,3423658,receiving_detail.xlsx,2026-09,2026-09-03T06:40:33.737466,2026-09-03T06:40:33.737466
2026-08-07,Transfer,Transfer Receipt,PTR-2608-0204,10000,NIC2025-N-E,,,2026-08-07,CAB01-JKT,,,MDN-PAR,24F1106J.,2029-05-31,,49,49,0,0,0,False,Transfer,3423656,receiving_detail.xlsx,2026-09,2026-09-03T06:40:33.737466,2026-09-03T06:40:33.737466
2026-08-07,Transfer,Transfer Receipt,PTR-2608-0204,10000,NIC2025-N-E,,,2026-08-07,CAB01-JKT,,,MDN-PAR,24F1106J.,2029-05-31,,50,50,0,0,0,False,Transfer,3423655,receiving_detail.xlsx,2026-09,2026-09-03T06:40:33.737466,2026-09-03T06:40:33.737466
2026-08-07,Transfer,Transfer Receipt,PTR-2608-0204,10000,NIC2025-N-E,,,2026-08-07,CAB01-JKT,,,MDN-PAR,24F1106J.,2029-05-31,,1080,1080,0,0,0,False,Transfer,3423654,receiving_detail.xlsx,2026-09,2026-09-03T06:40:33.737466,2026-09-03T06:40:33.737466
2026-08-07,Transfer,Transfer Receipt,PTR-2608-0204,10000,NIC2025-N-E,,,2026-08-07,CAB01-JKT,,,MDN-PAR,24F1106J.,2029-05-31,,1,1,0,0,0,False,Transfer,3423653,receiving_detail.xlsx,2026-09,2026-09-03T06:40:33.737466,2026-09-03T06:40:33.737466
2026-08-05,Transfer,Transfer Receipt,PTR-2608-0106,10000,AK1-10L,,,2026-08-05,CAB01-JKT,,,MDN-PAR,J-26-0605-9,2028-06-05,,454,454,454,0,0,True,Transfer,3418905,receiving_detail.xlsx,2026-09,2026-09-03T06:40:33.737466,2026-09-03T06:40:33.737466
2026-08-05,Transfer,Transfer Receipt,PTR-2608-0106,10000,AK1-10L,,,2026-08-05,CAB01-JKT,,,MDN-PAR,J-26-0606-8,2028-06-06,,639,639,639,0,0,True,Transfer,3418903,receiving_detail.xlsx,2026-09,2026-09-03T06:40:33.737466,2026-09-03T06:40:33.737466
2026-08-05,Transfer,Transfer Receipt,PTR-2608-0106,10000,AK1-10L,,,2026-08-05,CAB01-JKT,,,MDN-PAR,J-26-0605-4,2028-06-05,,126,126,126,0,0,True,Transfer,3418901,receiving_detail.xlsx,2026-09,2026-09-03T06:40:33.737466,2026-09-03T06:40:33.737466
2026-08-05,Transfer,Transfer Receipt,PTR-2608-0106,10000,AK1-10L,,,2026-08-05,CAB01-JKT,,,MDN-PAR,J-26-0606-1,2028-06-06,,631,631,631,0,0,True,Transfer,3418899,receiving_detail.xlsx,2026-09,2026-09-03T06:40:33.737466,2026-09-03T06:40:33.737466
2026-07-30,Transfer,Transfer Receipt,PTR-2607-1066,40000,A016-R-V604R,,,2026-07-30,CAB01-JKT,,,MDN-PAR,26G02L6J,2031-06-30,,7348,7348,7348,0,0,True,Transfer,3410033,receiving_detail.xlsx,2026-09,2026-09-03T06:40:33.737466,2026-09-03T06:40:33.737466
2026-07-30,Transfer,Transfer Receipt,PTR-2607-1066,40000,A016-R-V604R,,,2026-07-30,CAB01-JKT,,,MDN-PAR,26F30L6J,2031-05-31,,3520,3520,3520,0,0,True,Transfer,3410031,receiving_detail.xlsx,2026-09,2026-09-03T06:40:33.737466,2026-09-03T06:40:33.737466
2026-07-30,Transfer,Transfer Receipt,PTR-2607-1066,30000,DS10L2138R-N,,,2026-07-30,CAB01-JKT,,,MDN-PAR,26E2207J,2031-04-30,,5000,5000,5000,0,0,True,Transfer,3410029,receiving_detail.xlsx,2026-09,2026-09-03T06:40:33.737466,2026-09-03T06:40:33.737466
2026-07-30,Transfer,Transfer Receipt,PTR-2607-1066,30000,DS10L2138R-N,,,2026-07-30,CAB01-JKT,,,MDN-PAR,26E0810J,2031-04-30,,44820,44820,44820,0,0,True,Transfer,3410027,receiving_detail.xlsx,2026-09,2026-09-03T06:40:33.737466,2026-09-03T06:40:33.737466
2026-07-30,Transfer,Transfer Receipt,PTR-2607-1066,30000,DS10L2138R-N,,,2026-07-30,CAB01-JKT,,,MDN-PAR,26E0810J,2031-04-30,,180,180,180,0,0,True,Transfer,3410026,receiving_detail.xlsx,2026-09,2026-09-03T06:40:33.737466,2026-09-03T06:40:33.737466
2026-07-30,Transfer,Transfer Receipt,PTR-2607-1066,20000,NIC2225-N-E,,,2026-07-30,CAB01-JKT,,,MDN-PAR,26E1806J,2031-04-30,,10000,10000,10000,0,0,True,Transfer,3410024,receiving_detail.xlsx,2026-09,2026-09-03T06:40:33.737466,2026-09-03T06:40:33.737466
2026-07-30,Transfer,Transfer Receipt,PTR-2607-1066,10000,AVF1625-HC-N,,,2026-07-30,CAB01-JKT,,,MDN-PAR,26E0706J,2031-04-30,,15000,15000,8160,0,0,True,Transfer,3410022,receiving_detail.xlsx,2026-09,2026-09-03T06:40:33.737466,2026-09-03T06:40:33.737466
2026-07-30,Transfer,Transfer Receipt,PTR-2607-1032,10000,FG-SC-002,,,2026-07-30,CAB01-JKT,,,MDN-PAR,J-26-0705-08,2028-07-05,,225,225,225,0,0,True,Transfer,3408600,receiving_detail.xlsx,2026-09,2026-09-03T06:40:33.737466,2026-09-03T06:40:33.737466
2026-07-30,Transfer,Transfer Receipt,PTR-2607-1032,10000,FG-SC-002,,,2026-07-30,CAB01-JKT,,,MDN-PAR,J-26-0705-07,2028-07-05,,961,961,111,0,0,True,Transfer,3408598,receiving_detail.xlsx,2026-09,2026-09-03T06:40:33.737466,2026-09-03T06:40:33.737466
2026-07-30,Transfer,Transfer Receipt,PTR-2607-1032,10000,FG-SC-002,,,2026-07-30,CAB01-JKT,,,MDN-PAR,J-26-0705-06,2028-07-05,,961,961,961,0,0,True,Transfer,3408596,receiving_detail.xlsx,2026-09,2026-09-03T06:40:33.737466,2026-09-03T06:40:33.737466
2026-07-30,Transfer,Transfer Receipt,PTR-2607-1032,10000,FG-SC-002,,,2026-07-30,CAB01-JKT,,,MDN-PAR,J-26-0705-05,2028-07-05,,961,961,961,0,0,True,Transfer,3408594,receiving_detail.xlsx,2026-09,2026-09-03T06:40:33.737466,2026-09-03T06:40:33.737466
2026-07-30,Transfer,Transfer Receipt,PTR-2607-1032,10000,FG-SC-002,,,2026-07-30,CAB01-JKT,,,MDN-PAR,J-26-0705-04,2028-07-05,,961,961,385,0,0,True,Transfer,3408592,receiving_detail.xlsx,2026-09,2026-09-03T06:40:33.737466,2026-09-03T06:40:33.737466
2026-07-30,Transfer,Transfer Receipt,PTR-2607-1032,10000,FG-SC-002,,,2026-07-30,CAB01-JKT,,,MDN-PAR,J-26-0705-03,2028-07-05,,961,961,0,0,0,False,Transfer,3408590,receiving_detail.xlsx,2026-09,2026-09-03T06:40:33.737466,2026-09-03T06:40:33.737466
2026-07-30,Transfer,Transfer Receipt,PTR-2607-1032,10000,FG-SC-002,,,2026-07-30,CAB01-JKT,,,MDN-PAR,J-26-0705-02,2028-07-05,,161,161,161,0,0,True,Transfer,3408588,receiving_detail.xlsx,2026-09,2026-09-03T06:40:33.737466,2026-09-03T06:40:33.737466
2026-07-30,Transfer,Transfer Receipt,PTR-2607-1032,10000,FG-SC-002,,,2026-07-30,CAB01-JKT,,,MDN-PAR,J-26-0705-01,2028-07-05,,161,161,161,0,0,True,Transfer,3408586,receiving_detail.xlsx,2026-09,2026-09-03T06:40:33.737466,2026-09-03T06:40:33.737466
2026-07-30,Transfer,Transfer Receipt,PTR-2607-1032,10000,FG-SC-002,,,2026-07-30,CAB01-JKT,,,MDN-PAR,J-26-0704-13,2028-07-04,,161,161,161,0,0,True,Transfer,3408584,receiving_detail.xlsx,2026-09,2026-09-03T06:40:33.737466,2026-09-03T06:40:33.737466
2026-07-30,Transfer,Transfer Receipt,PTR-2607-1032,10000,FG-SC-002,,,2026-07-30,CAB01-JKT,,,MDN-PAR,J-26-0704-12,2028-07-04,,161,161,161,0,0,True,Transfer,3408582,receiving_detail.xlsx,2026-09,2026-09-03T06:40:33.737466,2026-09-03T06:40:33.737466
2026-07-30,Transfer,Transfer Receipt,PTR-2607-1032,10000,FG-SC-002,,,2026-07-30,CAB01-JKT,,,MDN-PAR,J-26-0704-11,2028-07-04,,161,161,161,0,0,True,Transfer,3408580,receiving_detail.xlsx,2026-09,2026-09-03T06:40:33.737466,2026-09-03T06:40:33.737466
2026-07-30,Transfer,Transfer Receipt,PTR-2607-1032,10000,FG-SC-002,,,2026-07-30,CAB01-JKT,,,MDN-PAR,J-26-0704-10,2028-07-04,,161,161,161,0,0,True,Transfer,3408578,receiving_detail.xlsx,2026-09,2026-09-03T06:40:33.737466,2026-09-03T06:40:33.737466
2026-07-30,Transfer,Transfer Receipt,PTR-2607-1032,10000,FG-SC-002,,,2026-07-30,CAB01-JKT,,,MDN-PAR,J-26-0704-09,2028-07-04,,961,961,111,0,0,True,Transfer,3408576,receiving_detail.xlsx,2026-09,2026-09-03T06:40:33.737466,2026-09-03T06:40:33.737466
2026-07-30,Transfer,Transfer Receipt,PTR-2607-1032,10000,FG-SC-002,,,2026-07-30,CAB01-JKT,,,MDN-PAR,J-26-0704-08,2028-07-04,,961,961,15,0,0,True,Transfer,3408574,receiving_detail.xlsx,2026-09,2026-09-03T06:40:33.737466,2026-09-03T06:40:33.737466
2026-07-30,Transfer,Transfer Receipt,PTR-2607-1032,10000,FG-SC-002,,,2026-07-30,CAB01-JKT,,,MDN-PAR,J-26-0704-07,2028-07-04,,82,82,82,0,0,True,Transfer,3408572,receiving_detail.xlsx,2026-09,2026-09-03T06:40:33.737466,2026-09-03T06:40:33.737466
2026-07-29,Transfer,Transfer Receipt,PTR-2607-1018,40000,NIC2225-N-E,,,2026-07-29,CAB01-JKT,,,MDN-PAR,26C1706J,2031-02-28,,4000,4000,4000,0,0,True,Transfer,3408047,receiving_detail.xlsx,2026-09,2026-09-03T06:40:33.737466,2026-09-03T06:40:33.737466
2026-07-29,Transfer,Transfer Receipt,PTR-2607-1018,30000,A133-V702,,,2026-07-29,CAB01-JKT,,,MDN-PAR,26C12,2031-02-28,,48,48,0,0,0,False,Transfer,3408045,receiving_detail.xlsx,2026-09,2026-09-03T06:40:33.737466,2026-09-03T06:40:33.737466
2026-07-29,Transfer,Transfer Receipt,PTR-2607-1018,20000,7022V PDM-13-BLUE,,,2026-07-29,CAB01-JKT,,,MDN-PAR,34500484,9999-12-31,,7500,7500,7500,0,0,True,Transfer,3408043,receiving_detail.xlsx,2026-09,2026-09-03T06:40:33.737466,2026-09-03T06:40:33.737466
2026-07-29,Transfer,Transfer Receipt,PTR-2607-1018,10000,7022V PDM-12-PINK,,,2026-07-29,CAB01-JKT,,,MDN-PAR,35116534,9999-12-31,,7500,7500,7500,0,0,True,Transfer,3408041,receiving_detail.xlsx,2026-09,2026-09-03T06:40:33.737466,2026-09-03T06:40:33.737466
2026-07-29,Transfer,Transfer Receipt,PTR-2607-1017,50000,LDT-2.1-1-4W,,,2026-07-29,CAB01-JKT,,,MDN-PAR,34827212,9999-12-31,,48,48,32,0,0,True,Transfer,3408039,receiving_detail.xlsx,2026-09,2026-09-03T06:40:33.737466,2026-09-03T06:40:33.737466
2026-07-29,Transfer,Transfer Receipt,PTR-2607-1017,40000,ELISIO1-15H,,,2026-07-29,CAB01-JKT,,,MDN-PAR,25L18CHR,2028-11-30,,4322,4322,0,0,0,False,Transfer,3408037,receiving_detail.xlsx,2026-09,2026-09-03T06:40:33.737466,2026-09-03T06:40:33.737466
2026-07-29,Transfer,Transfer Receipt,PTR-2607-1017,40000,ELISIO1-15H,,,2026-07-29,CAB01-JKT,,,MDN-PAR,25L18CHR,2028-11-30,,478,478,0,0,0,False,Transfer,3408036,receiving_detail.xlsx,2026-09,2026-09-03T06:40:33.737466,2026-09-03T06:40:33.737466
2026-07-29,Transfer,Transfer Receipt,PTR-2607-1017,30000,FG-SC-002,,,2026-07-29,CAB01-JKT,,,MDN-PAR,J-26-0707-12,2028-07-07,,72,72,72,0,0,True,Transfer,3408034,receiving_detail.xlsx,2026-09,2026-09-03T06:40:33.737466,2026-09-03T06:40:33.737466
2026-07-29,Transfer,Transfer Receipt,PTR-2607-1017,30000,FG-SC-002,,,2026-07-29,CAB01-JKT,,,MDN-PAR,J-26-0707-11,2028-07-07,,958,958,958,0,0,True,Transfer,3408032,receiving_detail.xlsx,2026-09,2026-09-03T06:40:33.737466,2026-09-03T06:40:33.737466
2026-07-29,Transfer,Transfer Receipt,PTR-2607-1017,30000,FG-SC-002,,,2026-07-29,CAB01-JKT,,,MDN-PAR,J-26-0707-10,2028-07-07,,958,958,958,0,0,True,Transfer,3408030,receiving_detail.xlsx,2026-09,2026-09-03T06:40:33.737466,2026-09-03T06:40:33.737466
2026-07-29,Transfer,Transfer Receipt,PTR-2607-1017,30000,FG-SC-002,,,2026-07-29,CAB01-JKT,,,MDN-PAR,J-26-0707-09,2028-07-07,,158,158,0,0,0,False,Transfer,3408028,receiving_detail.xlsx,2026-09,2026-09-03T06:40:33.737466,2026-09-03T06:40:33.737466
2026-07-29,Transfer,Transfer Receipt,PTR-2607-1017,30000,FG-SC-002,,,2026-07-29,CAB01-JKT,,,MDN-PAR,J-26-0707-08,2028-07-07,,158,158,0,0,0,False,Transfer,3408026,receiving_detail.xlsx,2026-09,2026-09-03T06:40:33.737466,2026-09-03T06:40:33.737466
2026-07-29,Transfer,Transfer Receipt,PTR-2607-1017,30000,FG-SC-002,,,2026-07-29,CAB01-JKT,,,MDN-PAR,J-26-0707-07,2028-07-07,,958,958,0,0,0,False,Transfer,3408024,receiving_detail.xlsx,2026-09,2026-09-03T06:40:33.737466,2026-09-03T06:40:33.737466
2026-07-29,Transfer,Transfer Receipt,PTR-2607-1017,30000,FG-SC-002,,,2026-07-29,CAB01-JKT,,,MDN-PAR,J-26-0707-06,2028-07-07,,958,958,14,0,0,True,Transfer,3408022,receiving_detail.xlsx,2026-09,2026-09-03T06:40:33.737466,2026-09-03T06:40:33.737466
2026-07-29,Transfer,Transfer Receipt,PTR-2607-1017,30000,FG-SC-002,,,2026-07-29,CAB01-JKT,,,MDN-PAR,J-26-0707-05,2028-07-07,,958,958,0,0,0,False,Transfer,3408020,receiving_detail.xlsx,2026-09,2026-09-03T06:40:33.737466,2026-09-03T06:40:33.737466
2026-07-29,Transfer,Transfer Receipt,PTR-2607-1017,30000,FG-SC-002,,,2026-07-29,CAB01-JKT,,,MDN-PAR,J-26-0707-04,2028-07-07,,158,158,158,0,0,True,Transfer,3408018,receiving_detail.xlsx,2026-09,2026-09-03T06:40:33.737466,2026-09-03T06:40:33.737466
2026-07-29,Transfer,Transfer Receipt,PTR-2607-1017,30000,FG-SC-002,,,2026-07-29,CAB01-JKT,,,MDN-PAR,J-26-0707-03,2028-07-07,,958,958,282,0,0,True,Transfer,3408016,receiving_detail.xlsx,2026-09,2026-09-03T06:40:33.737466,2026-09-03T06:40:33.737466
2026-07-29,Transfer,Transfer Receipt,PTR-2607-1017,30000,FG-SC-002,,,2026-07-29,CAB01-JKT,,,MDN-PAR,J-26-0707-02,2028-07-07,,158,158,158,0,0,True,Transfer,3408014,receiving_detail.xlsx,2026-09,2026-09-03T06:40:33.737466,2026-09-03T06:40:33.737466
2026-07-29,Transfer,Transfer Receipt,PTR-2607-1017,30000,FG-SC-002,,,2026-07-29,CAB01-JKT,,,MDN-PAR,J-26-0707-01,2028-07-07,,958,958,958,0,0,True,Transfer,3408012,receiving_detail.xlsx,2026-09,2026-09-03T06:40:33.737466,2026-09-03T06:40:33.737466
2026-07-29,Transfer,Transfer Receipt,PTR-2607-1017,30000,FG-SC-002,,,2026-07-29,CAB01-JKT,,,MDN-PAR,J-26-0706-13,2028-07-06,,161,161,161,0,0,True,Transfer,3408010,receiving_detail.xlsx,2026-09,2026-09-03T06:40:33.737466,2026-09-03T06:40:33.737466
2026-07-29,Transfer,Transfer Receipt,PTR-2607-1017,30000,FG-SC-002,,,2026-07-29,CAB01-JKT,,,MDN-PAR,J-26-0706-12,2028-07-06,,429,429,429,0,0,True,Transfer,3408008,receiving_detail.xlsx,2026-09,2026-09-03T06:40:33.737466,2026-09-03T06:40:33.737466
2026-07-29,Transfer,Transfer Receipt,PTR-2607-1017,20000,LDT-2.2-3-8W,,,2026-07-29,CAB01-JKT,,,MDN-PAR,34990180,9999-12-31,,15,15,0,0,0,False,Transfer,3408006,receiving_detail.xlsx,2026-09,2026-09-03T06:40:33.737466,2026-09-03T06:40:33.737466
2026-07-29,Transfer,Transfer Receipt,PTR-2607-1017,10000,NIC1832-N-E,,,2026-07-29,CAB01-JKT,,,MDN-PAR,25H1406J,2030-07-31,,2000,2000,2000,0,0,True,Transfer,3408004,receiving_detail.xlsx,2026-09,2026-09-03T06:40:33.737466,2026-09-03T06:40:33.737466
2026-07-23,Transfer,Transfer Receipt,PTR-2607-0773,10000,ELISIO1-15H,,,2026-07-23,CAB01-JKT,,,MDN-PAR,26A19CHR,2028-12-31,,2544,2544,2544,0,0,True,Transfer,3399679,receiving_detail.xlsx,2026-09,2026-09-03T06:40:33.737466,2026-09-03T06:40:33.737466
2026-07-23,Transfer,Transfer Receipt,PTR-2607-0773,10000,ELISIO1-15H,,,2026-07-23,CAB01-JKT,,,MDN-PAR,25L18CHR,2028-11-30,,264,264,0,0,0,False,Transfer,3399677,receiving_detail.xlsx,2026-09,2026-09-03T06:40:33.737466,2026-09-03T06:40:33.737466
2026-07-23,Transfer,Transfer Receipt,PTR-2607-0773,10000,ELISIO1-15H,,,2026-07-23,CAB01-JKT,,,MDN-PAR,26A21CHR,2028-12-31,,1368,1368,1368,0,0,True,Transfer,3399675,receiving_detail.xlsx,2026-09,2026-09-03T06:40:33.737466,2026-09-03T06:40:33.737466
2026-07-23,Transfer,Transfer Receipt,PTR-2607-0773,10000,ELISIO1-15H,,,2026-07-23,CAB01-JKT,,,MDN-PAR,26A17CHR,2028-12-31,,10493,10493,3151,0,0,True,Transfer,3399673,receiving_detail.xlsx,2026-09,2026-09-03T06:40:33.737466,2026-09-03T06:40:33.737466
2026-07-23,Transfer,Transfer Receipt,PTR-2607-0773,10000,ELISIO1-15H,,,2026-07-23,CAB01-JKT,,,MDN-PAR,26A17CHR,2028-12-31,,240,240,0,0,0,False,Transfer,3399672,receiving_detail.xlsx,2026-09,2026-09-03T06:40:33.737466,2026-09-03T06:40:33.737466
2026-07-23,Transfer,Transfer Receipt,PTR-2607-0773,10000,ELISIO1-15H,,,2026-07-23,CAB01-JKT,,,MDN-PAR,26A17CHR,2028-12-31,,2035,2035,0,0,0,False,Transfer,3399671,receiving_detail.xlsx,2026-09,2026-09-03T06:40:33.737466,2026-09-03T06:40:33.737466
2026-07-23,Transfer,Transfer Receipt,PTR-2607-0772,100000,SFE09,,,2026-07-23,CAB01-JKT,,,MDN-PAR,26E11AR,2029-04-30,,72,72,20,0,0,True,Transfer,3399669,receiving_detail.xlsx,2026-09,2026-09-03T06:40:33.737466,2026-09-03T06:40:33.737466
2026-07-23,Transfer,Transfer Receipt,PTR-2607-0772,90000,SFE07,,,2026-07-23,CAB01-JKT,,,MDN-PAR,26E11AR,2029-04-30,,48,48,0,0,0,False,Transfer,3399667,receiving_detail.xlsx,2026-09,2026-09-03T06:40:33.737466,2026-09-03T06:40:33.737466
2026-07-23,Transfer,Transfer Receipt,PTR-2607-0772,80000,SFE05,,,2026-07-23,CAB01-JKT,,,MDN-PAR,26B09AR,2029-01-31,,48,48,45,0,0,True,Transfer,3399665,receiving_detail.xlsx,2026-09,2026-09-03T06:40:33.737466,2026-09-03T06:40:33.737466
2026-07-23,Transfer,Transfer Receipt,PTR-2607-0772,70000,PR-325104-50ST,,,2026-07-23,CAB01-JKT,,,MDN-PAR,ZF10KBZMD,2028-03-09,,500,500,290,0,0,True,Transfer,3399663,receiving_detail.xlsx,2026-09,2026-09-03T06:40:33.737466,2026-09-03T06:40:33.737466
2026-07-23,Transfer,Transfer Receipt,PTR-2607-0772,50000,A133-V702,,,2026-07-23,CAB01-JKT,,,MDN-PAR,26C12,2031-02-28,,48,48,0,0,0,False,Transfer,3399661,receiving_detail.xlsx,2026-09,2026-09-03T06:40:33.737466,2026-09-03T06:40:33.737466
2026-07-23,Transfer,Transfer Receipt,PTR-2607-0772,40000,HD PACK-2B,,,2026-07-23,CAB01-JKT,,,MDN-PAR,OP3/5379,2031-06-30,,841,841,307,0,0,True,Transfer,3399659,receiving_detail.xlsx,2026-09,2026-09-03T06:40:33.737466,2026-09-03T06:40:33.737466
2026-07-23,Transfer,Transfer Receipt,PTR-2607-0772,40000,HD PACK-2B,,,2026-07-23,CAB01-JKT,,,MDN-PAR,OP3/5379,2031-06-30,,159,159,0,0,0,False,Transfer,3399658,receiving_detail.xlsx,2026-09,2026-09-03T06:40:33.737466,2026-09-03T06:40:33.737466
2026-07-23,Transfer,Transfer Receipt,PTR-2607-0772,10000,NIC2025-N-E,,,2026-07-23,CAB01-JKT,,,MDN-PAR,26D1406J,2031-03-31,,2000,2000,2000,0,0,True,Transfer,3399656,receiving_detail.xlsx,2026-09,2026-09-03T06:40:33.737466,2026-09-03T06:40:33.737466
2026-07-23,Transfer,Transfer Receipt,PTR-2607-0772,10000,NIC2025-N-E,,,2026-07-23,CAB01-JKT,,,MDN-PAR,26D1406J,2031-03-31,,2000,2000,1378,0,0,True,Transfer,3399655,receiving_detail.xlsx,2026-09,2026-09-03T06:40:33.737466,2026-09-03T06:40:33.737466
2026-07-23,Transfer,Transfer Receipt,PTR-2607-0771,30000,LDT-2.2-3-8W,,,2026-07-23,CAB01-JKT,,,MDN-PAR,34990180,9999-12-31,,45,45,0,0,0,False,Transfer,3399653,receiving_detail.xlsx,2026-09,2026-09-03T06:40:33.737466,2026-09-03T06:40:33.737466
2026-07-23,Transfer,Transfer Receipt,PTR-2607-0771,20000,FG-SC-002,,,2026-07-23,CAB01-JKT,,,MDN-PAR,J-26-0615-02,2028-06-15,,595,595,0,0,0,False,Transfer,3399651,receiving_detail.xlsx,2026-09,2026-09-03T06:40:33.737466,2026-09-03T06:40:33.737466
2026-07-23,Transfer,Transfer Receipt,PTR-2607-0771,20000,FG-SC-002,,,2026-07-23,CAB01-JKT,,,MDN-PAR,J-26-0615-03,2028-06-15,,161,161,0,0,0,False,Transfer,3399649,receiving_detail.xlsx,2026-09,2026-09-03T06:40:33.737466,2026-09-03T06:40:33.737466
2026-07-23,Transfer,Transfer Receipt,PTR-2607-0771,20000,FG-SC-002,,,2026-07-23,CAB01-JKT,,,MDN-PAR,J-26-0615-04,2028-06-15,,161,161,0,0,0,False,Transfer,3399647,receiving_detail.xlsx,2026-09,2026-09-03T06:40:33.737466,2026-09-03T06:40:33.737466
2026-07-23,Transfer,Transfer Receipt,PTR-2607-0771,20000,FG-SC-002,,,2026-07-23,CAB01-JKT,,,MDN-PAR,J-26-0615-05,2028-06-15,,161,161,0,0,0,False,Transfer,3399645,receiving_detail.xlsx,2026-09,2026-09-03T06:40:33.737466,2026-09-03T06:40:33.737466
2026-07-23,Transfer,Transfer Receipt,PTR-2607-0771,20000,FG-SC-002,,,2026-07-23,CAB01-JKT,,,MDN-PAR,J-26-0615-06,2028-06-15,,161,161,0,0,0,False,Transfer,3399643,receiving_detail.xlsx,2026-09,2026-09-03T06:40:33.737466,2026-09-03T06:40:33.737466
2026-07-23,Transfer,Transfer Receipt,PTR-2607-0771,20000,FG-SC-002,,,2026-07-23,CAB01-JKT,,,MDN-PAR,J-26-0615-07,2028-06-15,,161,161,0,0,0,False,Transfer,3399641,receiving_detail.xlsx,2026-09,2026-09-03T06:40:33.737466,2026-09-03T06:40:33.737466
2026-07-23,Transfer,Transfer Receipt,PTR-2607-0771,20000,FG-SC-002,,,2026-07-23,CAB01-JKT,,,MDN-PAR,J-26-0615-08,2028-06-15,,161,161,0,0,0,False,Transfer,3399639,receiving_detail.xlsx,2026-09,2026-09-03T06:40:33.737466,2026-09-03T06:40:33.737466
2026-07-23,Transfer,Transfer Receipt,PTR-2607-0771,20000,FG-SC-002,,,2026-07-23,CAB01-JKT,,,MDN-PAR,J-26-0615-09,2028-06-15,,161,161,0,0,0,False,Transfer,3399637,receiving_detail.xlsx,2026-09,2026-09-03T06:40:33.737466,2026-09-03T06:40:33.737466
2026-07-23,Transfer,Transfer Receipt,PTR-2607-0771,20000,FG-SC-002,,,2026-07-23,CAB01-JKT,,,MDN-PAR,J-26-0615-10,2028-06-15,,161,161,0,0,0,False,Transfer,3399635,receiving_detail.xlsx,2026-09,2026-09-03T06:40:33.737466,2026-09-03T06:40:33.737466
2026-07-23,Transfer,Transfer Receipt,PTR-2607-0771,20000,FG-SC-002,,,2026-07-23,CAB01-JKT,,,MDN-PAR,J-26-0615-11,2028-06-15,,161,161,0,0,0,False,Transfer,3399633,receiving_detail.xlsx,2026-09,2026-09-03T06:40:33.737466,2026-09-03T06:40:33.737466
2026-07-23,Transfer,Transfer Receipt,PTR-2607-0771,20000,FG-SC-002,,,2026-07-23,CAB01-JKT,,,MDN-PAR,J-26-0615-12,2028-06-15,,161,161,0,0,0,False,Transfer,3399631,receiving_detail.xlsx,2026-09,2026-09-03T06:40:33.737466,2026-09-03T06:40:33.737466
2026-07-23,Transfer,Transfer Receipt,PTR-2607-0771,20000,FG-SC-002,,,2026-07-23,CAB01-JKT,,,MDN-PAR,J-26-0615-13,2028-06-15,,161,161,0,0,0,False,Transfer,3399629,receiving_detail.xlsx,2026-09,2026-09-03T06:40:33.737466,2026-09-03T06:40:33.737466
2026-07-23,Transfer,Transfer Receipt,PTR-2607-0771,20000,FG-SC-002,,,2026-07-23,CAB01-JKT,,,MDN-PAR,J-26-0616-01,2028-06-16,,161,161,0,0,0,False,Transfer,3399627,receiving_detail.xlsx,2026-09,2026-09-03T06:40:33.737466,2026-09-03T06:40:33.737466
2026-07-23,Transfer,Transfer Receipt,PTR-2607-0771,20000,FG-SC-002,,,2026-07-23,CAB01-JKT,,,MDN-PAR,J-26-0616-02,2028-06-16,,673,673,0,0,0,False,Transfer,3399625,receiving_detail.xlsx,2026-09,2026-09-03T06:40:33.737466,2026-09-03T06:40:33.737466
2026-07-23,Transfer,Transfer Receipt,PTR-2607-0771,20000,FG-SC-002,,,2026-07-23,CAB01-JKT,,,MDN-PAR,J-26-0625-07,2028-06-25,,96,96,0,0,0,False,Transfer,3399623,receiving_detail.xlsx,2026-09,2026-09-03T06:40:33.737466,2026-09-03T06:40:33.737466
2026-07-23,Transfer,Transfer Receipt,PTR-2607-0771,20000,FG-SC-002,,,2026-07-23,CAB01-JKT,,,MDN-PAR,J-26-0625-07,2028-06-25,,65,65,0,0,0,False,Transfer,3399622,receiving_detail.xlsx,2026-09,2026-09-03T06:40:33.737466,2026-09-03T06:40:33.737466
2026-07-23,Transfer,Transfer Receipt,PTR-2607-0771,20000,FG-SC-002,,,2026-07-23,CAB01-JKT,,,MDN-PAR,J-26-0625-01,2028-06-25,,632,632,0,0,0,False,Transfer,3399620,receiving_detail.xlsx,2026-09,2026-09-03T06:40:33.737466,2026-09-03T06:40:33.737466
2026-07-23,Transfer,Transfer Receipt,PTR-2607-0771,20000,FG-SC-002,,,2026-07-23,CAB01-JKT,,,MDN-PAR,J-26-0625-02,2028-06-25,,160,160,0,0,0,False,Transfer,3399618,receiving_detail.xlsx,2026-09,2026-09-03T06:40:33.737466,2026-09-03T06:40:33.737466
2026-07-23,Transfer,Transfer Receipt,PTR-2607-0771,20000,FG-SC-002,,,2026-07-23,CAB01-JKT,,,MDN-PAR,J-26-0625-03,2028-06-25,,960,960,0,0,0,False,Transfer,3399616,receiving_detail.xlsx,2026-09,2026-09-03T06:40:33.737466,2026-09-03T06:40:33.737466
2026-07-23,Transfer,Transfer Receipt,PTR-2607-0771,20000,FG-SC-002,,,2026-07-23,CAB01-JKT,,,MDN-PAR,J-26-0625-04,2028-06-25,,960,960,0,0,0,False,Transfer,3399614,receiving_detail.xlsx,2026-09,2026-09-03T06:40:33.737466,2026-09-03T06:40:33.737466
2026-07-23,Transfer,Transfer Receipt,PTR-2607-0771,20000,FG-SC-002,,,2026-07-23,CAB01-JKT,,,MDN-PAR,J-26-0625-05,2028-06-25,,160,160,0,0,0,False,Transfer,3399612,receiving_detail.xlsx,2026-09,2026-09-03T06:40:33.737466,2026-09-03T06:40:33.737466
2026-07-23,Transfer,Transfer Receipt,PTR-2607-0771,20000,FG-SC-002,,,2026-07-23,CAB01-JKT,,,MDN-PAR,J-26-0625-06,2028-06-25,,160,160,0,0,0,False,Transfer,3399610,receiving_detail.xlsx,2026-09,2026-09-03T06:40:33.737466,2026-09-03T06:40:33.737466
2026-07-23,Transfer,Transfer Receipt,PTR-2607-0771,20000,FG-SC-002,,,2026-07-23,CAB01-JKT,,,MDN-PAR,J-26-0625-08,2028-06-25,,160,160,0,0,0,False,Transfer,3399608,receiving_detail.xlsx,2026-09,2026-09-03T06:40:33.737466,2026-09-03T06:40:33.737466
2026-07-23,Transfer,Transfer Receipt,PTR-2607-0771,20000,FG-SC-002,,,2026-07-23,CAB01-JKT,,,MDN-PAR,J-26-0625-09,2028-06-25,,160,160,0,0,0,False,Transfer,3399606,receiving_detail.xlsx,2026-09,2026-09-03T06:40:33.737466,2026-09-03T06:40:33.737466
2026-07-23,Transfer,Transfer Receipt,PTR-2607-0771,20000,FG-SC-002,,,2026-07-23,CAB01-JKT,,,MDN-PAR,J-26-0625-10,2028-06-25,,160,160,0,0,0,False,Transfer,3399604,receiving_detail.xlsx,2026-09,2026-09-03T06:40:33.737466,2026-09-03T06:40:33.737466
2026-07-23,Transfer,Transfer Receipt,PTR-2607-0771,20000,FG-SC-002,,,2026-07-23,CAB01-JKT,,,MDN-PAR,J-26-0625-11,2028-06-25,,160,160,0,0,0,False,Transfer,3399602,receiving_detail.xlsx,2026-09,2026-09-03T06:40:33.737466,2026-09-03T06:40:33.737466
2026-07-23,Transfer,Transfer Receipt,PTR-2607-0771,20000,FG-SC-002,,,2026-07-23,CAB01-JKT,,,MDN-PAR,J-26-0625-12,2028-06-25,,160,160,8,0,0,True,Transfer,3399600,receiving_detail.xlsx,2026-09,2026-09-03T06:40:33.737466,2026-09-03T06:40:33.737466
2026-07-23,Transfer,Transfer Receipt,PTR-2607-0771,20000,FG-SC-002,,,2026-07-23,CAB01-JKT,,,MDN-PAR,J-26-0625-13,2028-06-25,,160,160,0,0,0,False,Transfer,3399598,receiving_detail.xlsx,2026-09,2026-09-03T06:40:33.737466,2026-09-03T06:40:33.737466
2026-07-23,Transfer,Transfer Receipt,PTR-2607-0771,20000,FG-SC-002,,,2026-07-23,CAB01-JKT,,,MDN-PAR,J-26-0626-01,2028-06-26,,647,647,115,0,0,True,Transfer,3399596,receiving_detail.xlsx,2026-09,2026-09-03T06:40:33.737466,2026-09-03T06:40:33.737466
2026-07-23,Transfer,Transfer Receipt,PTR-2607-0771,10000,ELISIO1-15H,,,2026-07-23,CAB01-JKT,,,MDN-PAR,26A19CHR,2028-12-31,,1056,1056,1056,0,0,True,Transfer,3399594,receiving_detail.xlsx,2026-09,2026-09-03T06:40:33.737466,2026-09-03T06:40:33.737466
2026-07-23,Transfer,Transfer Receipt,PTR-2607-0771,10000,ELISIO1-15H,,,2026-07-23,CAB01-JKT,,,MDN-PAR,26A19CHR,2028-12-31,,192,192,192,0,0,True,Transfer,3399593,receiving_detail.xlsx,2026-09,2026-09-03T06:40:33.737466,2026-09-03T06:40:33.737466
2026-07-23,Transfer,Transfer Receipt,PTR-2607-0771,10000,ELISIO1-15H,,,2026-07-23,CAB01-JKT,,,MDN-PAR,26A19CHR,2028-12-31,,3408,3408,3408,0,0,True,Transfer,3399592,receiving_detail.xlsx,2026-09,2026-09-03T06:40:33.737466,2026-09-03T06:40:33.737466
2026-07-20,Transfer,Transfer Receipt,PTR-2607-0630,10000,AK1-10L,,,2026-07-20,CAB01-JKT,,,MDN-PAR,J-26-0525-2,2028-05-25,,313,313,313,0,0,True,Transfer,3393219,receiving_detail.xlsx,2026-09,2026-09-03T06:40:33.737466,2026-09-03T06:40:33.737466
2026-07-20,Transfer,Transfer Receipt,PTR-2607-0630,10000,AK1-10L,,,2026-07-20,CAB01-JKT,,,MDN-PAR,J-26-0523-1,2028-05-23,,256,256,256,0,0,True,Transfer,3393217,receiving_detail.xlsx,2026-09,2026-09-03T06:40:33.737466,2026-09-03T06:40:33.737466
2026-07-20,Transfer,Transfer Receipt,PTR-2607-0630,10000,AK1-10L,,,2026-07-20,CAB01-JKT,,,MDN-PAR,J-26-0525-4,2028-05-25,,640,640,0,0,0,False,Transfer,3393215,receiving_detail.xlsx,2026-09,2026-09-03T06:40:33.737466,2026-09-03T06:40:33.737466
2026-07-20,Transfer,Transfer Receipt,PTR-2607-0630,10000,AK1-10L,,,2026-07-20,CAB01-JKT,,,MDN-PAR,J-26-0525-6,2028-05-25,,641,641,65,0,0,True,Transfer,3393213,receiving_detail.xlsx,2026-09,2026-09-03T06:40:33.737466,2026-09-03T06:40:33.737466
2026-07-13,Transfer,Transfer Receipt,PTR-2607-0412,40000,LDT-2.1-1-4W,,,2026-07-13,CAB01-JKT,,,MDN-PAR,34827214,9999-12-31,,46,46,46,0,0,True,Transfer,3381437,receiving_detail.xlsx,2026-09,2026-09-03T06:40:33.737466,2026-09-03T06:40:33.737466
2026-07-13,Transfer,Transfer Receipt,PTR-2607-0412,40000,LDT-2.1-1-4W,,,2026-07-13,CAB01-JKT,,,MDN-PAR,34827214,9999-12-31,,2,2,2,0,0,True,Transfer,3381436,receiving_detail.xlsx,2026-09,2026-09-03T06:40:33.737466,2026-09-03T06:40:33.737466
2026-07-13,Transfer,Transfer Receipt,PTR-2607-0412,40000,LDT-2.1-1-4W,,,2026-07-13,CAB01-JKT,,,MDN-PAR,34827212,9999-12-31,,96,96,0,0,0,False,Transfer,3381434,receiving_detail.xlsx,2026-09,2026-09-03T06:40:33.737466,2026-09-03T06:40:33.737466
2026-07-13,Transfer,Transfer Receipt,PTR-2607-0412,30000,ELISIO1-15H,,,2026-07-13,CAB01-JKT,,,MDN-PAR,26A21CHR,2028-12-31,,4560,4560,470,0,0,True,Transfer,3381432,receiving_detail.xlsx,2026-09,2026-09-03T06:40:33.737466,2026-09-03T06:40:33.737466
2026-07-13,Transfer,Transfer Receipt,PTR-2607-0412,20000,FG-SC-002,,,2026-07-13,CAB01-JKT,,,MDN-PAR,J-26-0608-13,2028-06-08,,753,753,0,0,0,False,Transfer,3381430,receiving_detail.xlsx,2026-09,2026-09-03T06:40:33.737466,2026-09-03T06:40:33.737466
2026-07-13,Transfer,Transfer Receipt,PTR-2607-0412,20000,FG-SC-002,,,2026-07-13,CAB01-JKT,,,MDN-PAR,J-26-0608-12,2028-06-08,,961,961,0,0,0,False,Transfer,3381428,receiving_detail.xlsx,2026-09,2026-09-03T06:40:33.737466,2026-09-03T06:40:33.737466
2026-07-13,Transfer,Transfer Receipt,PTR-2607-0412,20000,FG-SC-002,,,2026-07-13,CAB01-JKT,,,MDN-PAR,J-26-0608-11,2028-06-08,,961,961,0,0,0,False,Transfer,3381426,receiving_detail.xlsx,2026-09,2026-09-03T06:40:33.737466,2026-09-03T06:40:33.737466
2026-07-13,Transfer,Transfer Receipt,PTR-2607-0412,20000,FG-SC-002,,,2026-07-13,CAB01-JKT,,,MDN-PAR,J-26-0608-10,2028-06-08,,161,161,0,0,0,False,Transfer,3381424,receiving_detail.xlsx,2026-09,2026-09-03T06:40:33.737466,2026-09-03T06:40:33.737466
2026-07-13,Transfer,Transfer Receipt,PTR-2607-0412,20000,FG-SC-002,,,2026-07-13,CAB01-JKT,,,MDN-PAR,J-26-0608-09,2028-06-08,,161,161,0,0,0,False,Transfer,3381422,receiving_detail.xlsx,2026-09,2026-09-03T06:40:33.737466,2026-09-03T06:40:33.737466
2026-07-13,Transfer,Transfer Receipt,PTR-2607-0412,20000,FG-SC-002,,,2026-07-13,CAB01-JKT,,,MDN-PAR,J-26-0608-08,2028-06-08,,161,161,0,0,0,False,Transfer,3381420,receiving_detail.xlsx,2026-09,2026-09-03T06:40:33.737466,2026-09-03T06:40:33.737466
2026-07-13,Transfer,Transfer Receipt,PTR-2607-0412,20000,FG-SC-002,,,2026-07-13,CAB01-JKT,,,MDN-PAR,J-26-0608-07,2028-06-08,,961,961,0,0,0,False,Transfer,3381418,receiving_detail.xlsx,2026-09,2026-09-03T06:40:33.737466,2026-09-03T06:40:33.737466
2026-07-13,Transfer,Transfer Receipt,PTR-2607-0412,20000,FG-SC-002,,,2026-07-13,CAB01-JKT,,,MDN-PAR,J-26-0608-06,2028-06-08,,161,161,0,0,0,False,Transfer,3381416,receiving_detail.xlsx,2026-09,2026-09-03T06:40:33.737466,2026-09-03T06:40:33.737466
2026-07-13,Transfer,Transfer Receipt,PTR-2607-0412,20000,FG-SC-002,,,2026-07-13,CAB01-JKT,,,MDN-PAR,J-26-0608-05,2028-06-08,,961,961,0,0,0,False,Transfer,3381414,receiving_detail.xlsx,2026-09,2026-09-03T06:40:33.737466,2026-09-03T06:40:33.737466
2026-07-13,Transfer,Transfer Receipt,PTR-2607-0412,20000,FG-SC-002,,,2026-07-13,CAB01-JKT,,,MDN-PAR,J-26-0608-04,2028-06-08,,161,161,0,0,0,False,Transfer,3381412,receiving_detail.xlsx,2026-09,2026-09-03T06:40:33.737466,2026-09-03T06:40:33.737466
2026-07-13,Transfer,Transfer Receipt,PTR-2607-0412,20000,FG-SC-002,,,2026-07-13,CAB01-JKT,,,MDN-PAR,J-26-0608-03,2028-06-08,,961,961,0,0,0,False,Transfer,3381410,receiving_detail.xlsx,2026-09,2026-09-03T06:40:33.737466,2026-09-03T06:40:33.737466
2026-07-13,Transfer,Transfer Receipt,PTR-2607-0412,20000,FG-SC-002,,,2026-07-13,CAB01-JKT,,,MDN-PAR,J-26-0608-02,2028-06-08,,161,161,0,0,0,False,Transfer,3381408,receiving_detail.xlsx,2026-09,2026-09-03T06:40:33.737466,2026-09-03T06:40:33.737466
2026-07-13,Transfer,Transfer Receipt,PTR-2607-0412,20000,FG-SC-002,,,2026-07-13,CAB01-JKT,,,MDN-PAR,J-26-0608-01,2028-06-08,,961,961,0,0,0,False,Transfer,3381406,receiving_detail.xlsx,2026-09,2026-09-03T06:40:33.737466,2026-09-03T06:40:33.737466
2026-07-13,Transfer,Transfer Receipt,PTR-2607-0412,20000,FG-SC-002,,,2026-07-13,CAB01-JKT,,,MDN-PAR,J-26-0606-13,2028-06-06,,515,515,0,0,0,False,Transfer,3381404,receiving_detail.xlsx,2026-09,2026-09-03T06:40:33.737466,2026-09-03T06:40:33.737466
2026-07-13,Transfer,Transfer Receipt,PTR-2607-0412,10000,NIC1832-N-E,,,2026-07-13,CAB01-JKT,,,MDN-PAR,25H1406J,2030-07-31,,4000,4000,4000,0,0,True,Transfer,3381402,receiving_detail.xlsx,2026-09,2026-09-03T06:40:33.737466,2026-09-03T06:40:33.737466
2026-07-13,Transfer,Transfer Receipt,PTR-2607-0411,100000,PR-325104-50ST,,,2026-07-13,CAB01-JKT,,,MDN-PAR,ZF10KBZMD,2028-03-09,,500,500,0,0,0,False,Transfer,3381400,receiving_detail.xlsx,2026-09,2026-09-03T06:40:33.737466,2026-09-03T06:40:33.737466
2026-07-13,Transfer,Transfer Receipt,PTR-2607-0411,90000,SFE09,,,2026-07-13,CAB01-JKT,,,MDN-PAR,25A13A,2027-12-31,,10,10,0,0,0,False,Transfer,3381398,receiving_detail.xlsx,2026-09,2026-09-03T06:40:33.737466,2026-09-03T06:40:33.737466
2026-07-13,Transfer,Transfer Receipt,PTR-2607-0411,70000,SFE05,,,2026-07-13,CAB01-JKT,,,MDN-PAR,26B09AR,2029-01-31,,24,24,0,0,0,False,Transfer,3381396,receiving_detail.xlsx,2026-09,2026-09-03T06:40:33.737466,2026-09-03T06:40:33.737466
2026-07-13,Transfer,Transfer Receipt,PTR-2607-0411,60000,A133-V702,,,2026-07-13,CAB01-JKT,,,MDN-PAR,26C12,2031-02-28,,24,24,0,0,0,False,Transfer,3381394,receiving_detail.xlsx,2026-09,2026-09-03T06:40:33.737466,2026-09-03T06:40:33.737466
2026-07-13,Transfer,Transfer Receipt,PTR-2607-0411,50000,HD PACK-2B,,,2026-07-13,CAB01-JKT,,,MDN-PAR,OP3/5355,2031-05-31,,428,428,0,0,0,False,Transfer,3381392,receiving_detail.xlsx,2026-09,2026-09-03T06:40:33.737466,2026-09-03T06:40:33.737466
2026-07-13,Transfer,Transfer Receipt,PTR-2607-0411,50000,HD PACK-2B,,,2026-07-13,CAB01-JKT,,,MDN-PAR,OP3/5355,2031-05-31,,72,72,0,0,0,False,Transfer,3381391,receiving_detail.xlsx,2026-09,2026-09-03T06:40:33.737466,2026-09-03T06:40:33.737466
2026-07-13,Transfer,Transfer Receipt,PTR-2607-0411,30000,7751T-PDO-13-BLUE,,,2026-07-13,CAB01-JKT,,,MDN-PAR,33500022,9999-12-31,,2400,2400,2400,0,0,True,Transfer,3381389,receiving_detail.xlsx,2026-09,2026-09-03T06:40:33.737466,2026-09-03T06:40:33.737466
2026-07-13,Transfer,Transfer Receipt,PTR-2607-0411,20000,NIC2025-N-E,,,2026-07-13,CAB01-JKT,,,MDN-PAR,25L2106J,2030-11-30,,1000,1000,0,0,0,False,Transfer,3381387,receiving_detail.xlsx,2026-09,2026-09-03T06:40:33.737466,2026-09-03T06:40:33.737466
2026-07-13,Transfer,Transfer Receipt,PTR-2607-0411,20000,NIC2025-N-E,,,2026-07-13,CAB01-JKT,,,MDN-PAR,25L2106J,2030-11-30,,3000,3000,0,0,0,False,Transfer,3381386,receiving_detail.xlsx,2026-09,2026-09-03T06:40:33.737466,2026-09-03T06:40:33.737466
2026-07-13,Transfer,Transfer Receipt,PTR-2607-0410,60000,A016-R-V604R,,,2026-07-13,CAB01-JKT,,,MDN-PAR,26F14L6J,2031-05-31,,3212,3212,3212,0,0,True,Transfer,3381384,receiving_detail.xlsx,2026-09,2026-09-03T06:40:33.737466,2026-09-03T06:40:33.737466
2026-07-13,Transfer,Transfer Receipt,PTR-2607-0410,60000,A016-R-V604R,,,2026-07-13,CAB01-JKT,,,MDN-PAR,26F13L6J,2031-05-31,,5588,5588,5588,0,0,True,Transfer,3381382,receiving_detail.xlsx,2026-09,2026-09-03T06:40:33.737466,2026-09-03T06:40:33.737466
2026-07-13,Transfer,Transfer Receipt,PTR-2607-0410,50000,DS10L2138R-N,,,2026-07-13,CAB01-JKT,,,MDN-PAR,26D2410J,2031-03-31,,5000,5000,5000,0,0,True,Transfer,3381380,receiving_detail.xlsx,2026-09,2026-09-03T06:40:33.737466,2026-09-03T06:40:33.737466
2026-07-13,Transfer,Transfer Receipt,PTR-2607-0410,50000,DS10L2138R-N,,,2026-07-13,CAB01-JKT,,,MDN-PAR,26D2310J,2031-03-31,,45000,45000,45000,0,0,True,Transfer,3381378,receiving_detail.xlsx,2026-09,2026-09-03T06:40:33.737466,2026-09-03T06:40:33.737466
2026-07-13,Transfer,Transfer Receipt,PTR-2607-0410,40000,AVF1625-HC-N,,,2026-07-13,CAB01-JKT,,,MDN-PAR,26E0506J,2031-04-30,,17500,17500,0,0,0,False,Transfer,3381376,receiving_detail.xlsx,2026-09,2026-09-03T06:40:33.737466,2026-09-03T06:40:33.737466
2026-07-13,Transfer,Transfer Receipt,PTR-2607-0410,40000,AVF1625-HC-N,,,2026-07-13,CAB01-JKT,,,MDN-PAR,26E0406J,2031-04-30,,10000,10000,0,0,0,False,Transfer,3381374,receiving_detail.xlsx,2026-09,2026-09-03T06:40:33.737466,2026-09-03T06:40:33.737466
2026-07-13,Transfer,Transfer Receipt,PTR-2607-0410,30000,W-CATH-2225-N-E,,,2026-07-13,CAB01-JKT,,,MDN-PAR,26D1106J,2031-03-31,,15000,15000,15000,0,0,True,Transfer,3381372,receiving_detail.xlsx,2026-09,2026-09-03T06:40:33.737466,2026-09-03T06:40:33.737466
2026-07-13,Transfer,Transfer Receipt,PTR-2607-0410,20000,NIC2225-N-E,,,2026-07-13,CAB01-JKT,,,MDN-PAR,26E1806J,2031-04-30,,4000,4000,4000,0,0,True,Transfer,3381370,receiving_detail.xlsx,2026-09,2026-09-03T06:40:33.737466,2026-09-03T06:40:33.737466
2026-07-13,Transfer,Transfer Receipt,PTR-2607-0410,20000,NIC2225-N-E,,,2026-07-13,CAB01-JKT,,,MDN-PAR,26D1306J,2031-03-31,,4000,4000,4000,0,0,True,Transfer,3381368,receiving_detail.xlsx,2026-09,2026-09-03T06:40:33.737466,2026-09-03T06:40:33.737466
2026-07-13,Transfer,Transfer Receipt,PTR-2607-0410,20000,NIC2225-N-E,,,2026-07-13,CAB01-JKT,,,MDN-PAR,26D1306J,2031-03-31,,12000,12000,12000,0,0,True,Transfer,3381367,receiving_detail.xlsx,2026-09,2026-09-03T06:40:33.737466,2026-09-03T06:40:33.737466
2026-07-13,Transfer,Transfer Receipt,PTR-2607-0410,10000,NIC1832-N-E,,,2026-07-13,CAB01-JKT,,,MDN-PAR,26D3006J,2031-03-31,,8000,8000,8000,0,0,True,Transfer,3381365,receiving_detail.xlsx,2026-09,2026-09-03T06:40:33.737466,2026-09-03T06:40:33.737466
2026-07-08,Transfer,Transfer Receipt,PTR-2607-0245,10000,SFE09,,,2026-07-08,CAB01-JKT,,,MDN-PAR,26E11AR,2029-04-30,,24,24,0,0,0,False,Transfer,3374005,receiving_detail.xlsx,2026-09,2026-09-03T06:40:33.737466,2026-09-03T06:40:33.737466
2026-07-06,Transfer,Transfer Receipt,PTR-2607-0181,10000,AK1-10L,,,2026-07-06,CAB01-JKT,,,MDN-PAR,J-26-0513-9,2028-05-13,,568,568,118,0,0,True,Transfer,3370940,receiving_detail.xlsx,2026-09,2026-09-03T06:40:33.737466,2026-09-03T06:40:33.737466
2026-07-06,Transfer,Transfer Receipt,PTR-2607-0181,10000,AK1-10L,,,2026-07-06,CAB01-JKT,,,MDN-PAR,J-26-0513-4,2028-05-13,,641,641,0,0,0,False,Transfer,3370938,receiving_detail.xlsx,2026-09,2026-09-03T06:40:33.737466,2026-09-03T06:40:33.737466
2026-07-06,Transfer,Transfer Receipt,PTR-2607-0181,10000,AK1-10L,,,2026-07-06,CAB01-JKT,,,MDN-PAR,J-26-0513-5,2028-05-13,,641,641,0,0,0,False,Transfer,3370936,receiving_detail.xlsx,2026-09,2026-09-03T06:40:33.737466,2026-09-03T06:40:33.737466
2026-07-02,Transfer,Transfer Receipt,PTR-2607-0072,40000,ELISIO1-15H,,,2026-07-02,CAB01-MDN,,,MDN-PAR,25L18DHR,2028-11-30,,380,380,0,0,0,False,Transfer,3365431,receiving_detail.xlsx,2026-09,2026-09-03T06:40:33.737466,2026-09-03T06:40:33.737466
2026-07-02,Transfer,Transfer Receipt,PTR-2607-0072,30000,FG-SC-002,,,2026-07-02,CAB01-MDN,,,MDN-PAR,J-26-0505-03,2028-05-05,,380,380,0,0,0,False,Transfer,3365429,receiving_detail.xlsx,2026-09,2026-09-03T06:40:33.737466,2026-09-03T06:40:33.737466
2026-07-02,Transfer,Transfer Receipt,PTR-2607-0072,20000,AK1-10L,,,2026-07-02,CAB01-MDN,,,MDN-PAR,J-26-0411-3,2028-04-11,,190,190,0,0,0,False,Transfer,3365427,receiving_detail.xlsx,2026-09,2026-09-03T06:40:33.737466,2026-09-03T06:40:33.737466
2026-07-02,Transfer,Transfer Receipt,PTR-2607-0072,10000,A016-R-V604R,,,2026-07-02,CAB01-MDN,,,MDN-PAR,26C29L5J,2031-02-28,,380,380,0,0,0,False,Transfer,3365425,receiving_detail.xlsx,2026-09,2026-09-03T06:40:33.737466,2026-09-03T06:40:33.737466
2026-06-29,Transfer,Transfer Receipt,PTR-2606-0963,60000,ELISIO1-15H,,,2026-06-29,CAB01-JKT,,,MDN-PAR,26A02CHR,2028-12-31,,2136,2136,0,0,0,False,Transfer,3358792,receiving_detail.xlsx,2026-09,2026-09-03T06:40:33.737466,2026-09-03T06:40:33.737466
2026-06-29,Transfer,Transfer Receipt,PTR-2606-0963,60000,ELISIO1-15H,,,2026-06-29,CAB01-JKT,,,MDN-PAR,26A04CHR,2028-12-31,,1464,1464,14,0,0,True,Transfer,3358790,receiving_detail.xlsx,2026-09,2026-09-03T06:40:33.737466,2026-09-03T06:40:33.737466
2026-06-29,Transfer,Transfer Receipt,PTR-2606-0963,50000,ELISIO1-13H,,,2026-06-29,CAB01-JKT,,,MDN-PAR,26A11CHR,2028-12-31,,1200,1200,1200,0,0,True,Transfer,3358788,receiving_detail.xlsx,2026-09,2026-09-03T06:40:33.737466,2026-09-03T06:40:33.737466
2026-06-29,Transfer,Transfer Receipt,PTR-2606-0963,40000,A133-V702,,,2026-06-29,CAB01-JKT,,,MDN-PAR,26C12,2031-02-28,,48,48,0,0,0,False,Transfer,3358786,receiving_detail.xlsx,2026-09,2026-09-03T06:40:33.737466,2026-09-03T06:40:33.737466
2026-06-29,Transfer,Transfer Receipt,PTR-2606-0963,30000,HD PACK-2B,,,2026-06-29,CAB01-JKT,,,MDN-PAR,OP3/5355,2031-05-31,,197,197,0,0,0,False,Transfer,3358784,receiving_detail.xlsx,2026-09,2026-09-03T06:40:33.737466,2026-09-03T06:40:33.737466
2026-06-29,Transfer,Transfer Receipt,PTR-2606-0963,30000,HD PACK-2B,,,2026-06-29,CAB01-JKT,,,MDN-PAR,OP3/5355,2031-05-31,,500,500,0,0,0,False,Transfer,3358783,receiving_detail.xlsx,2026-09,2026-09-03T06:40:33.737466,2026-09-03T06:40:33.737466
2026-06-29,Transfer,Transfer Receipt,PTR-2606-0963,30000,HD PACK-2B,,,2026-06-29,CAB01-JKT,,,MDN-PAR,OP3/5355,2031-05-31,,303,303,0,0,0,False,Transfer,3358782,receiving_detail.xlsx,2026-09,2026-09-03T06:40:33.737466,2026-09-03T06:40:33.737466
2026-06-29,Transfer,Transfer Receipt,PTR-2606-0963,20000,FG-SC-002,,,2026-06-29,CAB01-JKT,,,MDN-PAR,J-26-0505-13,2028-05-05,,270,270,0,0,0,False,Transfer,3358780,receiving_detail.xlsx,2026-09,2026-09-03T06:40:33.737466,2026-09-03T06:40:33.737466
2026-06-29,Transfer,Transfer Receipt,PTR-2606-0963,20000,FG-SC-002,,,2026-06-29,CAB01-JKT,,,MDN-PAR,J-26-0505-12,2028-05-05,,160,160,0,0,0,False,Transfer,3358778,receiving_detail.xlsx,2026-09,2026-09-03T06:40:33.737466,2026-09-03T06:40:33.737466
2026-06-29,Transfer,Transfer Receipt,PTR-2606-0963,20000,FG-SC-002,,,2026-06-29,CAB01-JKT,,,MDN-PAR,J-26-0505-11,2028-05-05,,960,960,0,0,0,False,Transfer,3358776,receiving_detail.xlsx,2026-09,2026-09-03T06:40:33.737466,2026-09-03T06:40:33.737466
2026-06-29,Transfer,Transfer Receipt,PTR-2606-0963,20000,FG-SC-002,,,2026-06-29,CAB01-JKT,,,MDN-PAR,J-26-0505-10,2028-05-05,,960,960,0,0,0,False,Transfer,3358774,receiving_detail.xlsx,2026-09,2026-09-03T06:40:33.737466,2026-09-03T06:40:33.737466
2026-06-29,Transfer,Transfer Receipt,PTR-2606-0963,20000,FG-SC-002,,,2026-06-29,CAB01-JKT,,,MDN-PAR,J-26-0505-09,2028-05-05,,960,960,0,0,0,False,Transfer,3358772,receiving_detail.xlsx,2026-09,2026-09-03T06:40:33.737466,2026-09-03T06:40:33.737466
2026-06-29,Transfer,Transfer Receipt,PTR-2606-0963,20000,FG-SC-002,,,2026-06-29,CAB01-JKT,,,MDN-PAR,J-26-0505-07,2028-05-05,,160,160,0,0,0,False,Transfer,3358770,receiving_detail.xlsx,2026-09,2026-09-03T06:40:33.737466,2026-09-03T06:40:33.737466
2026-06-29,Transfer,Transfer Receipt,PTR-2606-0963,20000,FG-SC-002,,,2026-06-29,CAB01-JKT,,,MDN-PAR,J-26-0505-08,2028-05-05,,160,160,0,0,0,False,Transfer,3358768,receiving_detail.xlsx,2026-09,2026-09-03T06:40:33.737466,2026-09-03T06:40:33.737466
2026-06-29,Transfer,Transfer Receipt,PTR-2606-0963,20000,FG-SC-002,,,2026-06-29,CAB01-JKT,,,MDN-PAR,J-26-0505-06,2028-05-05,,160,160,0,0,0,False,Transfer,3358766,receiving_detail.xlsx,2026-09,2026-09-03T06:40:33.737466,2026-09-03T06:40:33.737466
2026-06-29,Transfer,Transfer Receipt,PTR-2606-0963,20000,FG-SC-002,,,2026-06-29,CAB01-JKT,,,MDN-PAR,J-26-0505-05,2028-05-05,,960,960,0,0,0,False,Transfer,3358764,receiving_detail.xlsx,2026-09,2026-09-03T06:40:33.737466,2026-09-03T06:40:33.737466
2026-06-29,Transfer,Transfer Receipt,PTR-2606-0963,20000,FG-SC-002,,,2026-06-29,CAB01-JKT,,,MDN-PAR,J-26-0505-04,2028-05-05,,160,160,0,0,0,False,Transfer,3358762,receiving_detail.xlsx,2026-09,2026-09-03T06:40:33.737466,2026-09-03T06:40:33.737466
2026-06-29,Transfer,Transfer Receipt,PTR-2606-0963,20000,FG-SC-002,,,2026-06-29,CAB01-JKT,,,MDN-PAR,J-26-0505-03,2028-05-05,,960,960,0,0,0,False,Transfer,3358760,receiving_detail.xlsx,2026-09,2026-09-03T06:40:33.737466,2026-09-03T06:40:33.737466
2026-06-29,Transfer,Transfer Receipt,PTR-2606-0963,20000,FG-SC-002,,,2026-06-29,CAB01-JKT,,,MDN-PAR,J-26-0505-02,2028-05-05,,960,960,0,0,0,False,Transfer,3358758,receiving_detail.xlsx,2026-09,2026-09-03T06:40:33.737466,2026-09-03T06:40:33.737466
2026-06-29,Transfer,Transfer Receipt,PTR-2606-0963,20000,FG-SC-002,,,2026-06-29,CAB01-JKT,,,MDN-PAR,J-26-0505-01,2028-05-05,,160,160,0,0,0,False,Transfer,3358756,receiving_detail.xlsx,2026-09,2026-09-03T06:40:33.737466,2026-09-03T06:40:33.737466
2026-06-29,Transfer,Transfer Receipt,PTR-2606-0963,20000,FG-SC-002,,,2026-06-29,CAB01-JKT,,,MDN-PAR,J-26-0504-13,2028-05-04,,961,961,0,0,0,False,Transfer,3358754,receiving_detail.xlsx,2026-09,2026-09-03T06:40:33.737466,2026-09-03T06:40:33.737466
2026-06-29,Transfer,Transfer Receipt,PTR-2606-0963,20000,FG-SC-002,,,2026-06-29,CAB01-JKT,,,MDN-PAR,J-26-0504-12,2028-05-04,,49,49,0,0,0,False,Transfer,3358752,receiving_detail.xlsx,2026-09,2026-09-03T06:40:33.737466,2026-09-03T06:40:33.737466
2026-06-29,Transfer,Transfer Receipt,PTR-2606-0963,10000,7022V PDM-13-BLUE,,,2026-06-29,CAB01-JKT,,,MDN-PAR,33673089,9999-12-31,,5750,5750,3000,0,0,True,Transfer,3358750,receiving_detail.xlsx,2026-09,2026-09-03T06:40:33.737466,2026-09-03T06:40:33.737466
2026-06-29,Transfer,Transfer Receipt,PTR-2606-0963,10000,7022V PDM-13-BLUE,,,2026-06-29,CAB01-JKT,,,MDN-PAR,33673089,9999-12-31,,1750,1750,0,0,0,False,Transfer,3358749,receiving_detail.xlsx,2026-09,2026-09-03T06:40:33.737466,2026-09-03T06:40:33.737466
2026-06-26,Transfer,Transfer Receipt,PTR-2606-0902,60000,A016-R-V604R,,,2026-06-26,CAB01-JKT,,,MDN-PAR,26E30L5J,2031-04-30,,2464,2464,1112,0,0,True,Transfer,3356420,receiving_detail.xlsx,2026-09,2026-09-03T06:40:33.737466,2026-09-03T06:40:33.737466
2026-06-26,Transfer,Transfer Receipt,PTR-2606-0902,60000,A016-R-V604R,,,2026-06-26,CAB01-JKT,,,MDN-PAR,26E29L5J,2031-04-30,,7920,7920,0,0,0,False,Transfer,3356418,receiving_detail.xlsx,2026-09,2026-09-03T06:40:33.737466,2026-09-03T06:40:33.737466
2026-06-26,Transfer,Transfer Receipt,PTR-2606-0902,50000,DS10L2138R-N,,,2026-06-26,CAB01-JKT,,,MDN-PAR,26D2110J,2031-03-31,,50000,50000,50000,0,0,True,Transfer,3356416,receiving_detail.xlsx,2026-09,2026-09-03T06:40:33.737466,2026-09-03T06:40:33.737466
2026-06-26,Transfer,Transfer Receipt,PTR-2606-0902,40000,NIC2420-N-E,,,2026-06-26,CAB01-JKT,,,MDN-PAR,26D1406J,2031-03-31,,10000,10000,10000,0,0,True,Transfer,3356414,receiving_detail.xlsx,2026-09,2026-09-03T06:40:33.737466,2026-09-03T06:40:33.737466
2026-06-26,Transfer,Transfer Receipt,PTR-2606-0902,30000,NIC2225-N-E,,,2026-06-26,CAB01-JKT,,,MDN-PAR,26D1306J,2031-03-31,,2000,2000,2000,0,0,True,Transfer,3356412,receiving_detail.xlsx,2026-09,2026-09-03T06:40:33.737466,2026-09-03T06:40:33.737466
2026-06-26,Transfer,Transfer Receipt,PTR-2606-0902,30000,NIC2225-N-E,,,2026-06-26,CAB01-JKT,,,MDN-PAR,26D1406J,2031-03-31,,4000,4000,4000,0,0,True,Transfer,3356410,receiving_detail.xlsx,2026-09,2026-09-03T06:40:33.737466,2026-09-03T06:40:33.737466
2026-06-26,Transfer,Transfer Receipt,PTR-2606-0902,20000,NIC2025-N-E,,,2026-06-26,CAB01-JKT,,,MDN-PAR,26D1406J,2031-03-31,,2000,2000,0,0,0,False,Transfer,3356408,receiving_detail.xlsx,2026-09,2026-09-03T06:40:33.737466,2026-09-03T06:40:33.737466
2026-06-26,Transfer,Transfer Receipt,PTR-2606-0902,20000,NIC2025-N-E,,,2026-06-26,CAB01-JKT,,,MDN-PAR,26D1406J,2031-03-31,,2000,2000,0,0,0,False,Transfer,3356407,receiving_detail.xlsx,2026-09,2026-09-03T06:40:33.737466,2026-09-03T06:40:33.737466
2026-06-26,Transfer,Transfer Receipt,PTR-2606-0902,10000,AVF1625-HC-N,,,2026-06-26,CAB01-JKT,,,MDN-PAR,26E0406J,2031-04-30,,12500,12500,0,0,0,False,Transfer,3356405,receiving_detail.xlsx,2026-09,2026-09-03T06:40:33.737466,2026-09-03T06:40:33.737466
2026-06-26,Transfer,Transfer Receipt,PTR-2606-0902,10000,AVF1625-HC-N,,,2026-06-26,CAB01-JKT,,,MDN-PAR,26D0606J,2031-03-31,,2500,2500,0,0,0,False,Transfer,3356403,receiving_detail.xlsx,2026-09,2026-09-03T06:40:33.737466,2026-09-03T06:40:33.737466
2026-06-26,Transfer,Transfer Receipt,PTR-2606-0889,10000,AK1-10L,,,2026-06-26,CAB01-JKT,,,MDN-PAR,J-26-0506-5,2028-05-06,,578,578,0,0,0,False,Transfer,3356161,receiving_detail.xlsx,2026-09,2026-09-03T06:40:33.737466,2026-09-03T06:40:33.737466
2026-06-26,Transfer,Transfer Receipt,PTR-2606-0889,10000,AK1-10L,,,2026-06-26,CAB01-JKT,,,MDN-PAR,J-26-0507-8,2028-05-07,,641,641,0,0,0,False,Transfer,3356159,receiving_detail.xlsx,2026-09,2026-09-03T06:40:33.737466,2026-09-03T06:40:33.737466
2026-06-26,Transfer,Transfer Receipt,PTR-2606-0889,10000,AK1-10L,,,2026-06-26,CAB01-JKT,,,MDN-PAR,J-26-0507-1,2028-05-07,,631,631,0,0,0,False,Transfer,3356157,receiving_detail.xlsx,2026-09,2026-09-03T06:40:33.737466,2026-09-03T06:40:33.737466
2026-06-26,Transfer,Transfer Receipt,PTR-2606-0888,10000,AK1-10L,,,2026-06-26,CAB01-JKT,,,MDN-PAR,J-26-0501-1,2028-05-01,,572,572,0,0,0,False,Transfer,3356153,receiving_detail.xlsx,2026-09,2026-09-03T06:40:33.737466,2026-09-03T06:40:33.737466
2026-06-26,Transfer,Transfer Receipt,PTR-2606-0888,10000,AK1-10L,,,2026-06-26,CAB01-JKT,,,MDN-PAR,J-26-0501-2,2028-05-01,,391,391,0,0,0,False,Transfer,3356151,receiving_detail.xlsx,2026-09,2026-09-03T06:40:33.737466,2026-09-03T06:40:33.737466
2026-06-26,Transfer,Transfer Receipt,PTR-2606-0888,10000,AK1-10L,,,2026-06-26,CAB01-JKT,,,MDN-PAR,J-26-0501-2,2028-05-01,,249,249,0,0,0,False,Transfer,3356150,receiving_detail.xlsx,2026-09,2026-09-03T06:40:33.737466,2026-09-03T06:40:33.737466
2026-06-26,Transfer,Transfer Receipt,PTR-2606-0888,10000,AK1-10L,,,2026-06-26,CAB01-JKT,,,MDN-PAR,J-26-0502-12,2028-05-02,,638,638,0,0,0,False,Transfer,3356148,receiving_detail.xlsx,2026-09,2026-09-03T06:40:33.737466,2026-09-03T06:40:33.737466
2026-06-18,Transfer,Transfer Receipt,PTR-2606-0587,20000,AK1-10L,,,2026-06-18,CAB01-JKT,,,MDN-PAR,J-26-0428-1,2028-04-28,,609,609,0,0,0,False,Transfer,3343808,receiving_detail.xlsx,2026-09,2026-09-03T06:40:33.737466,2026-09-03T06:40:33.737466
2026-06-18,Transfer,Transfer Receipt,PTR-2606-0587,20000,AK1-10L,,,2026-06-18,CAB01-JKT,,,MDN-PAR,J-26-0430-10,2028-04-30,,641,641,0,0,0,False,Transfer,3343806,receiving_detail.xlsx,2026-09,2026-09-03T06:40:33.737466,2026-09-03T06:40:33.737466
2026-06-18,Transfer,Transfer Receipt,PTR-2606-0587,20000,AK1-10L,,,2026-06-18,CAB01-JKT,,,MDN-PAR,J-26-0428-9,2028-04-28,,600,600,0,0,0,False,Transfer,3343804,receiving_detail.xlsx,2026-09,2026-09-03T06:40:33.737466,2026-09-03T06:40:33.737466
2026-06-12,Transfer,Transfer Receipt,PTR-2606-0425,10000,PTMC-26,,,2026-06-12,CAB01-JKT,,,MDN-PAR,250623,2027-06-23,,1,1,1,0,0,True,Transfer,3335937,receiving_detail.xlsx,2026-09,2026-09-03T06:40:33.737466,2026-09-03T06:40:33.737466
2026-06-12,Transfer,Transfer Receipt,PTR-2606-0425,10000,PTMC-26,,,2026-06-12,CAB01-JKT,,,MDN-PAR,250623,2027-06-23,,1,1,0,0,0,False,Transfer,3335936,receiving_detail.xlsx,2026-09,2026-09-03T06:40:33.737466,2026-09-03T06:40:33.737466
2026-06-12,Transfer,Transfer Receipt,PTR-2606-0424,20000,ELISIO1-15H,,,2026-06-12,CAB01-JKT,,,MDN-PAR,25J11CHR,2028-09-30,,456,456,0,0,0,False,Transfer,3335934,receiving_detail.xlsx,2026-09,2026-09-03T06:40:33.737466,2026-09-03T06:40:33.737466
2026-06-12,Transfer,Transfer Receipt,PTR-2606-0424,20000,ELISIO1-15H,,,2026-06-12,CAB01-JKT,,,MDN-PAR,25L16DHR,2028-11-30,,2136,2136,0,0,0,False,Transfer,3335932,receiving_detail.xlsx,2026-09,2026-09-03T06:40:33.737466,2026-09-03T06:40:33.737466
2026-06-12,Transfer,Transfer Receipt,PTR-2606-0424,20000,ELISIO1-15H,,,2026-06-12,CAB01-JKT,,,MDN-PAR,25L18DHR,2028-11-30,,7968,7968,0,0,0,False,Transfer,3335930,receiving_detail.xlsx,2026-09,2026-09-03T06:40:33.737466,2026-09-03T06:40:33.737466
2026-06-12,Transfer,Transfer Receipt,PTR-2606-0424,20000,ELISIO1-15H,,,2026-06-12,CAB01-JKT,,,MDN-PAR,25L21CHR,2028-11-30,,3840,3840,0,0,0,False,Transfer,3335928,receiving_detail.xlsx,2026-09,2026-09-03T06:40:33.737466,2026-09-03T06:40:33.737466
2026-06-12,Transfer,Transfer Receipt,PTR-2606-0424,10000,ELISIO1-13H,,,2026-06-12,CAB01-JKT,,,MDN-PAR,24L05BHR,2027-11-30,,2208,2208,0,0,0,False,Transfer,3335926,receiving_detail.xlsx,2026-09,2026-09-03T06:40:33.737466,2026-09-03T06:40:33.737466
2026-06-11,Transfer,Transfer Receipt,PTR-2606-0378,10000,AK1-10L,,,2026-06-11,CAB01-JKT,,,MDN-PAR,J-26-0420-9,2028-04-20,,568,568,0,0,0,False,Transfer,3334371,receiving_detail.xlsx,2026-09,2026-09-03T06:40:33.737466,2026-09-03T06:40:33.737466
2026-06-11,Transfer,Transfer Receipt,PTR-2606-0378,10000,AK1-10L,,,2026-06-11,CAB01-JKT,,,MDN-PAR,J-26-0420-7,2028-04-20,,641,641,0,0,0,False,Transfer,3334369,receiving_detail.xlsx,2026-09,2026-09-03T06:40:33.737466,2026-09-03T06:40:33.737466
2026-06-11,Transfer,Transfer Receipt,PTR-2606-0378,10000,AK1-10L,,,2026-06-11,CAB01-JKT,,,MDN-PAR,J-26-0420-6,2028-04-20,,641,641,0,0,0,False,Transfer,3334367,receiving_detail.xlsx,2026-09,2026-09-03T06:40:33.737466,2026-09-03T06:40:33.737466
2026-06-11,Transfer,Transfer Receipt,PTR-2606-0377,10000,AK1-10L,,,2026-06-11,CAB01-JKT,,,MDN-PAR,J-26-0422-8,2028-04-22,,570,570,0,0,0,False,Transfer,3334365,receiving_detail.xlsx,2026-09,2026-09-03T06:40:33.737466,2026-09-03T06:40:33.737466
2026-06-11,Transfer,Transfer Receipt,PTR-2606-0377,10000,AK1-10L,,,2026-06-11,CAB01-JKT,,,MDN-PAR,J-26-0424-12,2028-04-24,,639,639,0,0,0,False,Transfer,3334363,receiving_detail.xlsx,2026-09,2026-09-03T06:40:33.737466,2026-09-03T06:40:33.737466
2026-06-11,Transfer,Transfer Receipt,PTR-2606-0377,10000,AK1-10L,,,2026-06-11,CAB01-JKT,,,MDN-PAR,J-26-0421-2,2028-04-21,,641,641,0,0,0,False,Transfer,3334361,receiving_detail.xlsx,2026-09,2026-09-03T06:40:33.737466,2026-09-03T06:40:33.737466
2026-06-10,Transfer,Transfer Receipt,PTR-2606-0293,60000,JM-ACSWAB-ISOPRO70,,,2026-06-10,CAB01-JKT,,,MDN-PAR,016.009.001.,2028-09-24,,150,150,150,0,0,True,Transfer,3330470,receiving_detail.xlsx,2026-09,2026-09-03T06:40:33.737466,2026-09-03T06:40:33.737466
2026-06-10,Transfer,Transfer Receipt,PTR-2606-0293,50000,DS50LS-R-N,,,2026-06-10,CAB01-JKT,,,MDN-PAR,25H2801J,2030-07-31,,30,30,0,0,0,False,Transfer,3330468,receiving_detail.xlsx,2026-09,2026-09-03T06:40:33.737466,2026-09-03T06:40:33.737466
2026-06-10,Transfer,Transfer Receipt,PTR-2606-0293,40000,SXQ-1F,,,2026-06-10,CAB01-JKT,,,MDN-PAR,240731,2029-06-30,,74,74,0,0,0,False,Transfer,3330466,receiving_detail.xlsx,2026-09,2026-09-03T06:40:33.737466,2026-09-03T06:40:33.737466
2026-06-10,Transfer,Transfer Receipt,PTR-2606-0293,40000,SXQ-1F,,,2026-06-10,CAB01-JKT,,,MDN-PAR,240731,2029-06-30,,26,26,0,0,0,False,Transfer,3330465,receiving_detail.xlsx,2026-09,2026-09-03T06:40:33.737466,2026-09-03T06:40:33.737466
2026-06-10,Transfer,Transfer Receipt,PTR-2606-0293,30000,DS05L2238R-N,,,2026-06-10,CAB01-JKT,,,MDN-PAR,25D2509J,2030-03-31,,1700,1700,0,0,0,False,Transfer,3330463,receiving_detail.xlsx,2026-09,2026-09-03T06:40:33.737466,2026-09-03T06:40:33.737466
2026-06-10,Transfer,Transfer Receipt,PTR-2606-0293,20000,IS-001A-NIJ,,,2026-06-10,CAB01-JKT,,,MDN-PAR,25D07L1J.,2030-03-31,,150,150,150,0,0,True,Transfer,3330461,receiving_detail.xlsx,2026-09,2026-09-03T06:40:33.737466,2026-09-03T06:40:33.737466
2026-06-10,Transfer,Transfer Receipt,PTR-2606-0293,10000,DS10L2138R-N,,,2026-06-10,CAB01-JKT,,,MDN-PAR,25I2207J,2030-08-31,,1300,1300,0,0,0,False,Transfer,3330459,receiving_detail.xlsx,2026-09,2026-09-03T06:40:33.737466,2026-09-03T06:40:33.737466
2026-06-09,Transfer,Transfer Receipt,PTR-2606-0257,10000,ELISIO1-15H,,,2026-06-09,CAB01-JKT,,,MDN-PAR,25J13CHR,2028-09-30,,24,24,0,0,0,False,Transfer,3328538,receiving_detail.xlsx,2026-09,2026-09-03T06:40:33.737466,2026-09-03T06:40:33.737466
2026-06-09,Transfer,Transfer Receipt,PTR-2606-0256,20000,SFE07,,,2026-06-09,CAB01-JKT,,,MDN-PAR,26E11AR,2029-04-30,,2,2,0,0,0,False,Transfer,3328528,receiving_detail.xlsx,2026-09,2026-09-03T06:40:33.737466,2026-09-03T06:40:33.737466
2026-06-09,Transfer,Transfer Receipt,PTR-2606-0256,20000,SFE07,,,2026-06-09,CAB01-JKT,,,MDN-PAR,25A13A,2027-12-31,,8,8,0,0,0,False,Transfer,3328526,receiving_detail.xlsx,2026-09,2026-09-03T06:40:33.737466,2026-09-03T06:40:33.737466
2026-06-09,Transfer,Transfer Receipt,PTR-2606-0256,10000,SFE05,,,2026-06-09,CAB01-JKT,,,MDN-PAR,25C06A,2028-02-29,,15,15,0,0,0,False,Transfer,3328524,receiving_detail.xlsx,2026-09,2026-09-03T06:40:33.737466,2026-09-03T06:40:33.737466
2026-06-05,Transfer,Transfer Receipt,PTR-2606-0169,10000,AK1-10L,,,2026-06-05,CAB01-JKT,,,MDN-PAR,J-26-0415-4,2028-04-15,,219,219,0,0,0,False,Transfer,3324479,receiving_detail.xlsx,2026-09,2026-09-03T06:40:33.737466,2026-09-03T06:40:33.737466
2026-06-05,Transfer,Transfer Receipt,PTR-2606-0169,10000,AK1-10L,,,2026-06-05,CAB01-JKT,,,MDN-PAR,J-26-0417-3,2028-04-17,,641,641,0,0,0,False,Transfer,3324477,receiving_detail.xlsx,2026-09,2026-09-03T06:40:33.737466,2026-09-03T06:40:33.737466
2026-06-05,Transfer,Transfer Receipt,PTR-2606-0169,10000,AK1-10L,,,2026-06-05,CAB01-JKT,,,MDN-PAR,J-26-0416-8,2028-04-16,,349,349,0,0,0,False,Transfer,3324475,receiving_detail.xlsx,2026-09,2026-09-03T06:40:33.737466,2026-09-03T06:40:33.737466
2026-06-05,Transfer,Transfer Receipt,PTR-2606-0169,10000,AK1-10L,,,2026-06-05,CAB01-JKT,,,MDN-PAR,J-26-0417-11,2028-04-17,,641,641,0,0,0,False,Transfer,3324473,receiving_detail.xlsx,2026-09,2026-09-03T06:40:33.737466,2026-09-03T06:40:33.737466
2026-06-05,Transfer,Transfer Receipt,PTR-2606-0143,60000,LDT-2.1-1-4W,,,2026-06-05,CAB01-JKT,,,MDN-PAR,34827214,9999-12-31,,74,74,74,0,0,True,Transfer,3323585,receiving_detail.xlsx,2026-09,2026-09-03T06:40:33.737466,2026-09-03T06:40:33.737466
2026-06-05,Transfer,Transfer Receipt,PTR-2606-0143,60000,LDT-2.1-1-4W,,,2026-06-05,CAB01-JKT,,,MDN-PAR,34827214,9999-12-31,,4,4,4,0,0,True,Transfer,3323584,receiving_detail.xlsx,2026-09,2026-09-03T06:40:33.737466,2026-09-03T06:40:33.737466
2026-06-05,Transfer,Transfer Receipt,PTR-2606-0143,60000,LDT-2.1-1-4W,,,2026-06-05,CAB01-JKT,,,MDN-PAR,34827214,9999-12-31,,18,18,18,0,0,True,Transfer,3323583,receiving_detail.xlsx,2026-09,2026-09-03T06:40:33.737466,2026-09-03T06:40:33.737466
2026-06-05,Transfer,Transfer Receipt,PTR-2606-0143,50000,ELISIO1-15H,,,2026-06-05,CAB01-JKT,,,MDN-PAR,25J13CHR,2028-09-30,,2352,2352,0,0,0,False,Transfer,3323581,receiving_detail.xlsx,2026-09,2026-09-03T06:40:33.737466,2026-09-03T06:40:33.737466
2026-06-05,Transfer,Transfer Receipt,PTR-2606-0143,40000,ELISIO1-13H,,,2026-06-05,CAB01-JKT,,,MDN-PAR,26A10CHR,2028-12-31,,1200,1200,232,0,0,True,Transfer,3323579,receiving_detail.xlsx,2026-09,2026-09-03T06:40:33.737466,2026-09-03T06:40:33.737466
2026-06-05,Transfer,Transfer Receipt,PTR-2606-0143,30000,FG-SC-002,,,2026-06-05,CAB01-JKT,,,MDN-PAR,J-26-0513-14,2028-05-13,,585,585,0,0,0,False,Transfer,3323577,receiving_detail.xlsx,2026-09,2026-09-03T06:40:33.737466,2026-09-03T06:40:33.737466
2026-06-05,Transfer,Transfer Receipt,PTR-2606-0143,30000,FG-SC-002,,,2026-06-05,CAB01-JKT,,,MDN-PAR,J-26-0513-13,2028-05-13,,160,160,0,0,0,False,Transfer,3323575,receiving_detail.xlsx,2026-09,2026-09-03T06:40:33.737466,2026-09-03T06:40:33.737466
2026-06-05,Transfer,Transfer Receipt,PTR-2606-0143,30000,FG-SC-002,,,2026-06-05,CAB01-JKT,,,MDN-PAR,J-26-0513-12,2028-05-13,,960,960,0,0,0,False,Transfer,3323573,receiving_detail.xlsx,2026-09,2026-09-03T06:40:33.737466,2026-09-03T06:40:33.737466
2026-06-05,Transfer,Transfer Receipt,PTR-2606-0143,30000,FG-SC-002,,,2026-06-05,CAB01-JKT,,,MDN-PAR,J-26-0513-11,2028-05-13,,160,160,0,0,0,False,Transfer,3323571,receiving_detail.xlsx,2026-09,2026-09-03T06:40:33.737466,2026-09-03T06:40:33.737466
2026-06-05,Transfer,Transfer Receipt,PTR-2606-0143,30000,FG-SC-002,,,2026-06-05,CAB01-JKT,,,MDN-PAR,J-26-0513-10,2028-05-13,,160,160,0,0,0,False,Transfer,3323569,receiving_detail.xlsx,2026-09,2026-09-03T06:40:33.737466,2026-09-03T06:40:33.737466
2026-06-05,Transfer,Transfer Receipt,PTR-2606-0143,30000,FG-SC-002,,,2026-06-05,CAB01-JKT,,,MDN-PAR,J-26-0513-09,2028-05-13,,960,960,0,0,0,False,Transfer,3323567,receiving_detail.xlsx,2026-09,2026-09-03T06:40:33.737466,2026-09-03T06:40:33.737466
2026-06-05,Transfer,Transfer Receipt,PTR-2606-0143,30000,FG-SC-002,,,2026-06-05,CAB01-JKT,,,MDN-PAR,J-26-0513-08,2028-05-13,,960,960,0,0,0,False,Transfer,3323565,receiving_detail.xlsx,2026-09,2026-09-03T06:40:33.737466,2026-09-03T06:40:33.737466
2026-06-05,Transfer,Transfer Receipt,PTR-2606-0143,30000,FG-SC-002,,,2026-06-05,CAB01-JKT,,,MDN-PAR,J-26-0513-07,2028-05-13,,960,960,0,0,0,False,Transfer,3323563,receiving_detail.xlsx,2026-09,2026-09-03T06:40:33.737466,2026-09-03T06:40:33.737466
2026-06-05,Transfer,Transfer Receipt,PTR-2606-0143,30000,FG-SC-002,,,2026-06-05,CAB01-JKT,,,MDN-PAR,J-26-0513-06,2028-05-13,,960,960,0,0,0,False,Transfer,3323561,receiving_detail.xlsx,2026-09,2026-09-03T06:40:33.737466,2026-09-03T06:40:33.737466
2026-06-05,Transfer,Transfer Receipt,PTR-2606-0143,30000,FG-SC-002,,,2026-06-05,CAB01-JKT,,,MDN-PAR,J-26-0513-05,2028-05-13,,160,160,0,0,0,False,Transfer,3323559,receiving_detail.xlsx,2026-09,2026-09-03T06:40:33.737466,2026-09-03T06:40:33.737466
2026-06-05,Transfer,Transfer Receipt,PTR-2606-0143,30000,FG-SC-002,,,2026-06-05,CAB01-JKT,,,MDN-PAR,J-26-0513-04,2028-05-13,,160,160,0,0,0,False,Transfer,3323557,receiving_detail.xlsx,2026-09,2026-09-03T06:40:33.737466,2026-09-03T06:40:33.737466
2026-06-05,Transfer,Transfer Receipt,PTR-2606-0143,30000,FG-SC-002,,,2026-06-05,CAB01-JKT,,,MDN-PAR,J-26-0513-03,2028-05-13,,860,860,0,0,0,False,Transfer,3323555,receiving_detail.xlsx,2026-09,2026-09-03T06:40:33.737466,2026-09-03T06:40:33.737466
2026-06-05,Transfer,Transfer Receipt,PTR-2606-0143,30000,FG-SC-002,,,2026-06-05,CAB01-JKT,,,MDN-PAR,J-26-0513-02,2028-05-13,,860,860,0,0,0,False,Transfer,3323553,receiving_detail.xlsx,2026-09,2026-09-03T06:40:33.737466,2026-09-03T06:40:33.737466
2026-06-05,Transfer,Transfer Receipt,PTR-2606-0143,30000,FG-SC-002,,,2026-06-05,CAB01-JKT,,,MDN-PAR,J-26-0513-01,2028-05-13,,86,86,0,0,0,False,Transfer,3323551,receiving_detail.xlsx,2026-09,2026-09-03T06:40:33.737466,2026-09-03T06:40:33.737466
2026-06-05,Transfer,Transfer Receipt,PTR-2606-0143,30000,FG-SC-002,,,2026-06-05,CAB01-JKT,,,MDN-PAR,J-26-0513-01,2028-05-13,,9,9,0,0,0,False,Transfer,3323550,receiving_detail.xlsx,2026-09,2026-09-03T06:40:33.737466,2026-09-03T06:40:33.737466
2026-06-05,Transfer,Transfer Receipt,PTR-2606-0143,20000,LDT-2.2-3-8W,,,2026-06-05,CAB01-JKT,,,MDN-PAR,34693826,9999-12-31,,103,103,88,0,0,True,Transfer,3323548,receiving_detail.xlsx,2026-09,2026-09-03T06:40:33.737466,2026-09-03T06:40:33.737466
2026-06-05,Transfer,Transfer Receipt,PTR-2606-0143,20000,LDT-2.2-3-8W,,,2026-06-05,CAB01-JKT,,,MDN-PAR,34693826,9999-12-31,,2,2,0,0,0,False,Transfer,3323547,receiving_detail.xlsx,2026-09,2026-09-03T06:40:33.737466,2026-09-03T06:40:33.737466
2026-06-05,Transfer,Transfer Receipt,PTR-2606-0143,10000,AVF1625-HC-N,,,2026-06-05,CAB01-JKT,,,MDN-PAR,26D0706J,2031-03-31,,2000,2000,0,0,0,False,Transfer,3323545,receiving_detail.xlsx,2026-09,2026-09-03T06:40:33.737466,2026-09-03T06:40:33.737466
2026-06-05,Transfer,Transfer Receipt,PTR-2606-0143,10000,AVF1625-HC-N,,,2026-06-05,CAB01-JKT,,,MDN-PAR,26D0706J,2031-03-31,,2500,2500,0,0,0,False,Transfer,3323544,receiving_detail.xlsx,2026-09,2026-09-03T06:40:33.737466,2026-09-03T06:40:33.737466
2026-06-05,Transfer,Transfer Receipt,PTR-2606-0143,10000,AVF1625-HC-N,,,2026-06-05,CAB01-JKT,,,MDN-PAR,26D0706J,2031-03-31,,7500,7500,0,0,0,False,Transfer,3323543,receiving_detail.xlsx,2026-09,2026-09-03T06:40:33.737466,2026-09-03T06:40:33.737466
2026-06-05,Transfer,Transfer Receipt,PTR-2606-0141,120000,PR-325278-KIT,,,2026-06-05,CAB01-JKT,,,MDN-PAR,F053054R,2030-12-09,,30,30,6,0,0,True,Transfer,3323537,receiving_detail.xlsx,2026-09,2026-09-03T06:40:33.737466,2026-09-03T06:40:33.737466
2026-06-05,Transfer,Transfer Receipt,PTR-2606-0141,110000,PR-325570-CS,,,2026-06-05,CAB01-JKT,,,MDN-PAR,CSZJ29-01,2027-07-18,,2,2,0,0,0,False,Transfer,3323535,receiving_detail.xlsx,2026-09,2026-09-03T06:40:33.737466,2026-09-03T06:40:33.737466
2026-06-05,Transfer,Transfer Receipt,PTR-2606-0141,100000,SFE07,,,2026-06-05,CAB01-JKT,,,MDN-PAR,25A13A,2027-12-31,,8,8,0,0,0,False,Transfer,3323533,receiving_detail.xlsx,2026-09,2026-09-03T06:40:33.737466,2026-09-03T06:40:33.737466
2026-06-05,Transfer,Transfer Receipt,PTR-2606-0141,90000,SFE09,,,2026-06-05,CAB01-JKT,,,MDN-PAR,25K06A,2028-10-31,,18,18,0,0,0,False,Transfer,3323531,receiving_detail.xlsx,2026-09,2026-09-03T06:40:33.737466,2026-09-03T06:40:33.737466
2026-06-05,Transfer,Transfer Receipt,PTR-2606-0141,60000,HD PACK-2B,,,2026-06-05,CAB01-JKT,,,MDN-PAR,OP3/5355,2031-05-31,,600,600,0,0,0,False,Transfer,3323529,receiving_detail.xlsx,2026-09,2026-09-03T06:40:33.737466,2026-09-03T06:40:33.737466
2026-06-05,Transfer,Transfer Receipt,PTR-2606-0141,20000,IA-N-3503,,,2026-06-05,CAB01-JKT,,,MDN-PAR,34643826,9999-12-31,,10,10,6,0,0,True,Transfer,3323527,receiving_detail.xlsx,2026-09,2026-09-03T06:40:33.737466,2026-09-03T06:40:33.737466
2026-06-05,Transfer,Transfer Receipt,PTR-2606-0141,10000,NIC2025-N-E,,,2026-06-05,CAB01-JKT,,,MDN-PAR,25L2106J,2030-11-30,,6000,6000,0,0,0,False,Transfer,3323525,receiving_detail.xlsx,2026-09,2026-09-03T06:40:33.737466,2026-09-03T06:40:33.737466
2026-05-29,Transfer,Transfer Receipt,PTR-2605-0923,40000,A016-R-V604R,,,2026-05-29,CAB01-JKT,,,MDN-PAR,26E08L5J,2031-04-30,,1496,1496,0,0,0,False,Transfer,3313624,receiving_detail.xlsx,2026-09,2026-09-03T06:40:33.737466,2026-09-03T06:40:33.737466
2026-05-29,Transfer,Transfer Receipt,PTR-2605-0923,40000,A016-R-V604R,,,2026-05-29,CAB01-JKT,,,MDN-PAR,26E07L5J,2031-04-30,,7920,7920,0,0,0,False,Transfer,3313622,receiving_detail.xlsx,2026-09,2026-09-03T06:40:33.737466,2026-09-03T06:40:33.737466
2026-05-29,Transfer,Transfer Receipt,PTR-2605-0923,40000,A016-R-V604R,,,2026-05-29,CAB01-JKT,,,MDN-PAR,26E06L5J,2031-04-30,,1452,1452,0,0,0,False,Transfer,3313620,receiving_detail.xlsx,2026-09,2026-09-03T06:40:33.737466,2026-09-03T06:40:33.737466
2026-05-29,Transfer,Transfer Receipt,PTR-2605-0923,30000,DS50CT-R-N,,,2026-05-29,CAB01-JKT,,,MDN-PAR,26C1701J,2031-02-28,,5400,5400,5400,0,0,True,Transfer,3313618,receiving_detail.xlsx,2026-09,2026-09-03T06:40:33.737466,2026-09-03T06:40:33.737466
2026-05-29,Transfer,Transfer Receipt,PTR-2605-0923,30000,DS50CT-R-N,,,2026-05-29,CAB01-JKT,,,MDN-PAR,26C1601J,2031-02-28,,12600,12600,12600,0,0,True,Transfer,3313616,receiving_detail.xlsx,2026-09,2026-09-03T06:40:33.737466,2026-09-03T06:40:33.737466
2026-05-29,Transfer,Transfer Receipt,PTR-2605-0923,20000,NIC2420-N-E,,,2026-05-29,CAB01-JKT,,,MDN-PAR,26C3106J,2031-02-28,,20000,20000,12458,0,0,True,Transfer,3313614,receiving_detail.xlsx,2026-09,2026-09-03T06:40:33.737466,2026-09-03T06:40:33.737466
2026-05-29,Transfer,Transfer Receipt,PTR-2605-0923,10000,NIC2225-N-E,,,2026-05-29,CAB01-JKT,,,MDN-PAR,26C1706J,2031-02-28,,20000,20000,13027,0,0,True,Transfer,3313612,receiving_detail.xlsx,2026-09,2026-09-03T06:40:33.737466,2026-09-03T06:40:33.737466
2026-05-26,Transfer,Transfer Receipt,PTR-2605-0819,10000,AK1-10L,,,2026-05-26,CAB01-JKT,,,MDN-PAR,J-26-0411-6,2028-04-11,,495,495,0,0,0,False,Transfer,3309259,receiving_detail.xlsx,2026-09,2026-09-03T06:40:33.737466,2026-09-03T06:40:33.737466
2026-05-26,Transfer,Transfer Receipt,PTR-2605-0819,10000,AK1-10L,,,2026-05-26,CAB01-JKT,,,MDN-PAR,J-26-0411-5,2028-04-11,,73,73,0,0,0,False,Transfer,3309257,receiving_detail.xlsx,2026-09,2026-09-03T06:40:33.737466,2026-09-03T06:40:33.737466
2026-05-26,Transfer,Transfer Receipt,PTR-2605-0819,10000,AK1-10L,,,2026-05-26,CAB01-JKT,,,MDN-PAR,J-26-0411-3,2028-04-11,,641,641,0,0,0,False,Transfer,3309255,receiving_detail.xlsx,2026-09,2026-09-03T06:40:33.737466,2026-09-03T06:40:33.737466
2026-05-26,Transfer,Transfer Receipt,PTR-2605-0819,10000,AK1-10L,,,2026-05-26,CAB01-JKT,,,MDN-PAR,J-26-0411-4,2028-04-11,,641,641,0,0,0,False,Transfer,3309253,receiving_detail.xlsx,2026-09,2026-09-03T06:40:33.737466,2026-09-03T06:40:33.737466
2026-05-20,Transfer,Transfer Receipt,PTR-2605-0611,10000,AK1-10L,,,2026-05-20,CAB01-JKT,,,MDN-PAR,J-26-0404-2,2028-04-04,,508,508,0,0,0,False,Transfer,3299572,receiving_detail.xlsx,2026-09,2026-09-03T06:40:33.737466,2026-09-03T06:40:33.737466
2026-05-20,Transfer,Transfer Receipt,PTR-2605-0611,10000,AK1-10L,,,2026-05-20,CAB01-JKT,,,MDN-PAR,J-26-0402-5,2028-04-02,,62,62,0,0,0,False,Transfer,3299570,receiving_detail.xlsx,2026-09,2026-09-03T06:40:33.737466,2026-09-03T06:40:33.737466
2026-05-20,Transfer,Transfer Receipt,PTR-2605-0611,10000,AK1-10L,,,2026-05-20,CAB01-JKT,,,MDN-PAR,J-26-0404-5,2028-04-04,,639,639,0,0,0,False,Transfer,3299568,receiving_detail.xlsx,2026-09,2026-09-03T06:40:33.737466,2026-09-03T06:40:33.737466
2026-05-20,Transfer,Transfer Receipt,PTR-2605-0611,10000,AK1-10L,,,2026-05-20,CAB01-JKT,,,MDN-PAR,J-26-0404-4,2028-04-04,,641,641,0,0,0,False,Transfer,3299566,receiving_detail.xlsx,2026-09,2026-09-03T06:40:33.737466,2026-09-03T06:40:33.737466
2026-05-20,Transfer,Transfer Receipt,PTR-2605-0585,40000,ELISIO-17HX,,,2026-05-20,CAB01-JKT,,,MDN-PAR,24G22C,2027-06-30,,72,72,44,0,0,True,Transfer,3298068,receiving_detail.xlsx,2026-09,2026-09-03T06:40:33.737466,2026-09-03T06:40:33.737466
2026-05-20,Transfer,Transfer Receipt,PTR-2605-0585,30000,ELISIO1-15H,,,2026-05-20,CAB01-JKT,,,MDN-PAR,25L19CHR,2028-11-30,,1200,1200,0,0,0,False,Transfer,3298066,receiving_detail.xlsx,2026-09,2026-09-03T06:40:33.737466,2026-09-03T06:40:33.737466
2026-05-20,Transfer,Transfer Receipt,PTR-2605-0585,20000,ELISIO1-13H,,,2026-05-20,CAB01-JKT,,,MDN-PAR,26A11CHR,2028-12-31,,1200,1200,1200,0,0,True,Transfer,3298064,receiving_detail.xlsx,2026-09,2026-09-03T06:40:33.737466,2026-09-03T06:40:33.737466
2026-05-20,Transfer,Transfer Receipt,PTR-2605-0585,10000,FG-SC-002,,,2026-05-20,CAB01-JKT,,,MDN-PAR,J-26-0416-07,2028-04-16,,148,148,0,0,0,False,Transfer,3298062,receiving_detail.xlsx,2026-09,2026-09-03T06:40:33.737466,2026-09-03T06:40:33.737466
2026-05-20,Transfer,Transfer Receipt,PTR-2605-0585,10000,FG-SC-002,,,2026-05-20,CAB01-JKT,,,MDN-PAR,J-26-0416-08,2028-04-16,,158,158,0,0,0,False,Transfer,3298060,receiving_detail.xlsx,2026-09,2026-09-03T06:40:33.737466,2026-09-03T06:40:33.737466
2026-05-20,Transfer,Transfer Receipt,PTR-2605-0585,10000,FG-SC-002,,,2026-05-20,CAB01-JKT,,,MDN-PAR,J-26-0416-09,2028-04-16,,158,158,0,0,0,False,Transfer,3298058,receiving_detail.xlsx,2026-09,2026-09-03T06:40:33.737466,2026-09-03T06:40:33.737466
2026-05-20,Transfer,Transfer Receipt,PTR-2605-0585,10000,FG-SC-002,,,2026-05-20,CAB01-JKT,,,MDN-PAR,J-26-0416-10,2028-04-16,,958,958,0,0,0,False,Transfer,3298056,receiving_detail.xlsx,2026-09,2026-09-03T06:40:33.737466,2026-09-03T06:40:33.737466
2026-05-20,Transfer,Transfer Receipt,PTR-2605-0585,10000,FG-SC-002,,,2026-05-20,CAB01-JKT,,,MDN-PAR,J-26-0416-11,2028-04-16,,958,958,0,0,0,False,Transfer,3298054,receiving_detail.xlsx,2026-09,2026-09-03T06:40:33.737466,2026-09-03T06:40:33.737466
2026-05-20,Transfer,Transfer Receipt,PTR-2605-0585,10000,FG-SC-002,,,2026-05-20,CAB01-JKT,,,MDN-PAR,J-26-0416-12,2028-04-16,,158,158,0,0,0,False,Transfer,3298052,receiving_detail.xlsx,2026-09,2026-09-03T06:40:33.737466,2026-09-03T06:40:33.737466
2026-05-20,Transfer,Transfer Receipt,PTR-2605-0585,10000,FG-SC-002,,,2026-05-20,CAB01-JKT,,,MDN-PAR,J-26-0416-13,2028-04-16,,158,158,0,0,0,False,Transfer,3298050,receiving_detail.xlsx,2026-09,2026-09-03T06:40:33.737466,2026-09-03T06:40:33.737466
2026-05-20,Transfer,Transfer Receipt,PTR-2605-0585,10000,FG-SC-002,,,2026-05-20,CAB01-JKT,,,MDN-PAR,J-26-0417-01,2028-04-17,,958,958,0,0,0,False,Transfer,3298048,receiving_detail.xlsx,2026-09,2026-09-03T06:40:33.737466,2026-09-03T06:40:33.737466
2026-05-20,Transfer,Transfer Receipt,PTR-2605-0585,10000,FG-SC-002,,,2026-05-20,CAB01-JKT,,,MDN-PAR,J-26-0417-02,2028-04-17,,958,958,0,0,0,False,Transfer,3298046,receiving_detail.xlsx,2026-09,2026-09-03T06:40:33.737466,2026-09-03T06:40:33.737466
2026-05-20,Transfer,Transfer Receipt,PTR-2605-0585,10000,FG-SC-002,,,2026-05-20,CAB01-JKT,,,MDN-PAR,J-26-0417-03,2028-04-17,,958,958,0,0,0,False,Transfer,3298044,receiving_detail.xlsx,2026-09,2026-09-03T06:40:33.737466,2026-09-03T06:40:33.737466
2026-05-20,Transfer,Transfer Receipt,PTR-2605-0585,10000,FG-SC-002,,,2026-05-20,CAB01-JKT,,,MDN-PAR,J-26-0417-04,2028-04-17,,158,158,0,0,0,False,Transfer,3298042,receiving_detail.xlsx,2026-09,2026-09-03T06:40:33.737466,2026-09-03T06:40:33.737466
2026-05-20,Transfer,Transfer Receipt,PTR-2605-0585,10000,FG-SC-002,,,2026-05-20,CAB01-JKT,,,MDN-PAR,J-26-0417-05,2028-04-17,,958,958,0,0,0,False,Transfer,3298040,receiving_detail.xlsx,2026-09,2026-09-03T06:40:33.737466,2026-09-03T06:40:33.737466
2026-05-20,Transfer,Transfer Receipt,PTR-2605-0585,10000,FG-SC-002,,,2026-05-20,CAB01-JKT,,,MDN-PAR,J-26-0417-06,2028-04-17,,158,158,0,0,0,False,Transfer,3298038,receiving_detail.xlsx,2026-09,2026-09-03T06:40:33.737466,2026-09-03T06:40:33.737466
2026-05-20,Transfer,Transfer Receipt,PTR-2605-0585,10000,FG-SC-002,,,2026-05-20,CAB01-JKT,,,MDN-PAR,J-26-0417-07,2028-04-17,,958,958,0,0,0,False,Transfer,3298036,receiving_detail.xlsx,2026-09,2026-09-03T06:40:33.737466,2026-09-03T06:40:33.737466
2026-05-20,Transfer,Transfer Receipt,PTR-2605-0585,10000,FG-SC-002,,,2026-05-20,CAB01-JKT,,,MDN-PAR,J-26-0417-08,2028-04-17,,198,198,0,0,0,False,Transfer,3298034,receiving_detail.xlsx,2026-09,2026-09-03T06:40:33.737466,2026-09-03T06:40:33.737466
2026-05-11,Transfer,Transfer Receipt,PTR-2605-0300,50000,A016-R-V604R,,,2026-05-11,CAB01-JKT,,,MDN-PAR,26D11L6J,2031-03-31,,8800,8800,0,0,0,False,Transfer,3284912,receiving_detail.xlsx,2026-09,2026-09-03T06:40:33.737466,2026-09-03T06:40:33.737466
2026-05-11,Transfer,Transfer Receipt,PTR-2605-0300,40000,DS50LS-R-N,,,2026-05-11,CAB01-JKT,,,MDN-PAR,26C2804J,2031-02-28,,18000,18000,18000,0,0,True,Transfer,3284910,receiving_detail.xlsx,2026-09,2026-09-03T06:40:33.737466,2026-09-03T06:40:33.737466
2026-05-11,Transfer,Transfer Receipt,PTR-2605-0300,30000,DS10L2138R-N,,,2026-05-11,CAB01-JKT,,,MDN-PAR,26C1007J,2031-02-28,,38000,38000,38000,0,0,True,Transfer,3284908,receiving_detail.xlsx,2026-09,2026-09-03T06:40:33.737466,2026-09-03T06:40:33.737466
2026-05-11,Transfer,Transfer Receipt,PTR-2605-0300,30000,DS10L2138R-N,,,2026-05-11,CAB01-JKT,,,MDN-PAR,26C1007J,2031-02-28,,12000,12000,12000,0,0,True,Transfer,3284907,receiving_detail.xlsx,2026-09,2026-09-03T06:40:33.737466,2026-09-03T06:40:33.737466
2026-05-11,Transfer,Transfer Receipt,PTR-2605-0300,20000,NIC2225-N-E,,,2026-05-11,CAB01-JKT,,,MDN-PAR,26C1706J,2031-02-28,,10000,10000,0,0,0,False,Transfer,3284905,receiving_detail.xlsx,2026-09,2026-09-03T06:40:33.737466,2026-09-03T06:40:33.737466
2026-05-11,Transfer,Transfer Receipt,PTR-2605-0300,10000,AVF1625-HC-N,,,2026-05-11,CAB01-JKT,,,MDN-PAR,26C0206J,2031-02-28,,5000,5000,0,0,0,False,Transfer,3284903,receiving_detail.xlsx,2026-09,2026-09-03T06:40:33.737466,2026-09-03T06:40:33.737466
2026-05-11,Transfer,Transfer Receipt,PTR-2605-0293,30000,AK1-10L,,,2026-05-11,CAB01-JKT,,,MDN-PAR,J-26-0327-8,2028-03-27,,228,228,0,0,0,False,Transfer,3284239,receiving_detail.xlsx,2026-09,2026-09-03T06:40:33.737466,2026-09-03T06:40:33.737466
2026-05-11,Transfer,Transfer Receipt,PTR-2605-0293,30000,AK1-10L,,,2026-05-11,CAB01-JKT,,,MDN-PAR,J-26-0326-1,2028-03-26,,631,631,0,0,0,False,Transfer,3284237,receiving_detail.xlsx,2026-09,2026-09-03T06:40:33.737466,2026-09-03T06:40:33.737466
2026-05-11,Transfer,Transfer Receipt,PTR-2605-0293,30000,AK1-10L,,,2026-05-11,CAB01-JKT,,,MDN-PAR,J-26-0326-4,2028-03-26,,641,641,0,0,0,False,Transfer,3284235,receiving_detail.xlsx,2026-09,2026-09-03T06:40:33.737466,2026-09-03T06:40:33.737466
2026-05-11,Transfer,Transfer Receipt,PTR-2605-0293,20000,AK10L,,,2026-05-11,CAB01-JKT,,,MDN-PAR,J-25-0906-4,2027-09-06,,3,3,3,0,0,True,Transfer,3284233,receiving_detail.xlsx,2026-09,2026-09-03T06:40:33.737466,2026-09-03T06:40:33.737466
2026-05-11,Transfer,Transfer Receipt,PTR-2605-0293,20000,AK10L,,,2026-05-11,CAB01-JKT,,,MDN-PAR,J-25-0906-3,2027-09-06,,226,226,7,0,0,True,Transfer,3284231,receiving_detail.xlsx,2026-09,2026-09-03T06:40:33.737466,2026-09-03T06:40:33.737466
2026-05-11,Transfer,Transfer Receipt,PTR-2605-0293,10000,AT10L,,,2026-05-11,CAB01-JKT,,,MDN-PAR,J-25-0915-5,2026-09-15,,77,77,20,0,0,True,Transfer,3284229,receiving_detail.xlsx,2026-09,2026-09-03T06:40:33.737466,2026-09-03T06:40:33.737466
2026-05-11,Transfer,Transfer Receipt,PTR-2605-0293,10000,AT10L,,,2026-05-11,CAB01-JKT,,,MDN-PAR,J-25-0915-5,2026-09-15,,97,97,0,0,0,False,Transfer,3284228,receiving_detail.xlsx,2026-09,2026-09-03T06:40:33.737466,2026-09-03T06:40:33.737466
2026-05-08,Transfer,Transfer Receipt,PTR-2605-0262,10000,AK1-10L,,,2026-05-08,CAB01-JKT,,,MDN-PAR,J-26-0316-4,2028-03-16,,235,235,0,0,0,False,Transfer,3282541,receiving_detail.xlsx,2026-09,2026-09-03T06:40:33.737466,2026-09-03T06:40:33.737466
2026-05-08,Transfer,Transfer Receipt,PTR-2605-0262,10000,AK1-10L,,,2026-05-08,CAB01-JKT,,,MDN-PAR,J-26-0317-3,2028-03-17,,345,345,0,0,0,False,Transfer,3282539,receiving_detail.xlsx,2026-09,2026-09-03T06:40:33.737466,2026-09-03T06:40:33.737466
2026-05-08,Transfer,Transfer Receipt,PTR-2605-0262,10000,AK1-10L,,,2026-05-08,CAB01-JKT,,,MDN-PAR,J-26-0317-1,2028-03-17,,631,631,0,0,0,False,Transfer,3282537,receiving_detail.xlsx,2026-09,2026-09-03T06:40:33.737466,2026-09-03T06:40:33.737466
2026-05-08,Transfer,Transfer Receipt,PTR-2605-0262,10000,AK1-10L,,,2026-05-08,CAB01-JKT,,,MDN-PAR,J-26-0304-8,2028-03-04,,639,639,0,0,0,False,Transfer,3282535,receiving_detail.xlsx,2026-09,2026-09-03T06:40:33.737466,2026-09-03T06:40:33.737466
2026-05-08,Transfer,Transfer Receipt,PTR-2605-0260,90000,SFL09,,,2026-05-08,CAB01-JKT,,,MDN-PAR,25D10A,2028-03-31,,24,24,0,0,0,False,Transfer,3282521,receiving_detail.xlsx,2026-09,2026-09-03T06:40:33.737466,2026-09-03T06:40:33.737466
2026-05-08,Transfer,Transfer Receipt,PTR-2605-0260,80000,SFE07,,,2026-05-08,CAB01-JKT,,,MDN-PAR,25A13A,2027-12-31,,24,24,0,0,0,False,Transfer,3282519,receiving_detail.xlsx,2026-09,2026-09-03T06:40:33.737466,2026-09-03T06:40:33.737466
2026-05-08,Transfer,Transfer Receipt,PTR-2605-0260,70000,SFE05,,,2026-05-08,CAB01-JKT,,,MDN-PAR,25C06A,2028-02-29,,24,24,0,0,0,False,Transfer,3282517,receiving_detail.xlsx,2026-09,2026-09-03T06:40:33.737466,2026-09-03T06:40:33.737466
2026-05-08,Transfer,Transfer Receipt,PTR-2605-0260,60000,ELISIO1-15H,,,2026-05-08,CAB01-JKT,,,MDN-PAR,25G29CHR,2028-06-30,,1509,1509,0,0,0,False,Transfer,3282515,receiving_detail.xlsx,2026-09,2026-09-03T06:40:33.737466,2026-09-03T06:40:33.737466
2026-05-08,Transfer,Transfer Receipt,PTR-2605-0260,60000,ELISIO1-15H,,,2026-05-08,CAB01-JKT,,,MDN-PAR,25G29CHR,2028-06-30,,480,480,0,0,0,False,Transfer,3282514,receiving_detail.xlsx,2026-09,2026-09-03T06:40:33.737466,2026-09-03T06:40:33.737466
2026-05-08,Transfer,Transfer Receipt,PTR-2605-0260,60000,ELISIO1-15H,,,2026-05-08,CAB01-JKT,,,MDN-PAR,25G29CHR,2028-06-30,,411,411,0,0,0,False,Transfer,3282513,receiving_detail.xlsx,2026-09,2026-09-03T06:40:33.737466,2026-09-03T06:40:33.737466
2026-05-08,Transfer,Transfer Receipt,PTR-2605-0260,50000,A016-R-V604R,,,2026-05-08,CAB01-JKT,,,MDN-PAR,26C29L5J,2031-02-28,,3916,3916,0,0,0,False,Transfer,3282511,receiving_detail.xlsx,2026-09,2026-09-03T06:40:33.737466,2026-09-03T06:40:33.737466
2026-05-08,Transfer,Transfer Receipt,PTR-2605-0260,50000,A016-R-V604R,,,2026-05-08,CAB01-JKT,,,MDN-PAR,26C26L5J,2031-02-28,,1320,1320,0,0,0,False,Transfer,3282509,receiving_detail.xlsx,2026-09,2026-09-03T06:40:33.737466,2026-09-03T06:40:33.737466
2026-05-08,Transfer,Transfer Receipt,PTR-2605-0260,50000,A016-R-V604R,,,2026-05-08,CAB01-JKT,,,MDN-PAR,26C12L6J,2031-02-28,,1188,1188,0,0,0,False,Transfer,3282507,receiving_detail.xlsx,2026-09,2026-09-03T06:40:33.737466,2026-09-03T06:40:33.737466
2026-05-08,Transfer,Transfer Receipt,PTR-2605-0260,40000,AVF1625-HC-N,,,2026-05-08,CAB01-JKT,,,MDN-PAR,26A1606J,2030-12-31,,10000,10000,0,0,0,False,Transfer,3282505,receiving_detail.xlsx,2026-09,2026-09-03T06:40:33.737466,2026-09-03T06:40:33.737466
2026-05-08,Transfer,Transfer Receipt,PTR-2605-0260,30000,NIC1832-N-E,,,2026-05-08,CAB01-JKT,,,MDN-PAR,25G1106J,2030-06-30,,6000,6000,2633,0,0,True,Transfer,3282503,receiving_detail.xlsx,2026-09,2026-09-03T06:40:33.737466,2026-09-03T06:40:33.737466
2026-05-08,Transfer,Transfer Receipt,PTR-2605-0260,20000,NIC2025-N-E,,,2026-05-08,CAB01-JKT,,,MDN-PAR,25L2106J,2030-11-30,,16000,16000,0,0,0,False,Transfer,3282501,receiving_detail.xlsx,2026-09,2026-09-03T06:40:33.737466,2026-09-03T06:40:33.737466
2026-05-08,Transfer,Transfer Receipt,PTR-2605-0260,10000,NIC2225-N-E,,,2026-05-08,CAB01-JKT,,,MDN-PAR,25J2606J,2030-09-30,,10000,10000,0,0,0,False,Transfer,3282499,receiving_detail.xlsx,2026-09,2026-09-03T06:40:33.737466,2026-09-03T06:40:33.737466
2026-05-07,Transfer,Transfer Receipt,PTR-2605-0177,10000,AK1-10L,,,2026-05-07,CAB01-JKT,,,MDN-PAR,J-26-0314-6,2028-03-14,,218,218,0,0,0,False,Transfer,3278866,receiving_detail.xlsx,2026-09,2026-09-03T06:40:33.737466,2026-09-03T06:40:33.737466
2026-05-07,Transfer,Transfer Receipt,PTR-2605-0177,10000,AK1-10L,,,2026-05-07,CAB01-JKT,,,MDN-PAR,J-26-0314-5,2028-03-14,,641,641,0,0,0,False,Transfer,3278864,receiving_detail.xlsx,2026-09,2026-09-03T06:40:33.737466,2026-09-03T06:40:33.737466
2026-05-07,Transfer,Transfer Receipt,PTR-2605-0177,10000,AK1-10L,,,2026-05-07,CAB01-JKT,,,MDN-PAR,J-26-0314-4,2028-03-14,,641,641,0,0,0,False,Transfer,3278862,receiving_detail.xlsx,2026-09,2026-09-03T06:40:33.737466,2026-09-03T06:40:33.737466
2026-05-05,Transfer,Transfer Receipt,PTR-2605-0113,30000,HD PACK-2C,,,2026-05-05,CAB01-JKT,,,MDN-PAR,OP3/5305,2031-03-31,,1000,1000,588,0,0,True,Transfer,3275100,receiving_detail.xlsx,2026-09,2026-09-03T06:40:33.737466,2026-09-03T06:40:33.737466
2026-05-05,Transfer,Transfer Receipt,PTR-2605-0113,20000,FG-SC-002,,,2026-05-05,CAB01-JKT,,,MDN-PAR,J-26-0401-10,2028-04-01,,800,800,0,0,0,False,Transfer,3275098,receiving_detail.xlsx,2026-09,2026-09-03T06:40:33.737466,2026-09-03T06:40:33.737466
2026-05-05,Transfer,Transfer Receipt,PTR-2605-0113,20000,FG-SC-002,,,2026-05-05,CAB01-JKT,,,MDN-PAR,J-26-0401-09,2028-04-01,,800,800,0,0,0,False,Transfer,3275096,receiving_detail.xlsx,2026-09,2026-09-03T06:40:33.737466,2026-09-03T06:40:33.737466
2026-05-05,Transfer,Transfer Receipt,PTR-2605-0113,20000,FG-SC-002,,,2026-05-05,CAB01-JKT,,,MDN-PAR,J-26-0401-08,2028-04-01,,800,800,0,0,0,False,Transfer,3275094,receiving_detail.xlsx,2026-09,2026-09-03T06:40:33.737466,2026-09-03T06:40:33.737466
2026-05-05,Transfer,Transfer Receipt,PTR-2605-0113,20000,FG-SC-002,,,2026-05-05,CAB01-JKT,,,MDN-PAR,J-26-0401-07,2028-04-01,,800,800,0,0,0,False,Transfer,3275092,receiving_detail.xlsx,2026-09,2026-09-03T06:40:33.737466,2026-09-03T06:40:33.737466
2026-05-05,Transfer,Transfer Receipt,PTR-2605-0113,20000,FG-SC-002,,,2026-05-05,CAB01-JKT,,,MDN-PAR,J-26-0401-05,2028-04-01,,800,800,0,0,0,False,Transfer,3275090,receiving_detail.xlsx,2026-09,2026-09-03T06:40:33.737466,2026-09-03T06:40:33.737466
2026-05-05,Transfer,Transfer Receipt,PTR-2605-0113,20000,FG-SC-002,,,2026-05-05,CAB01-JKT,,,MDN-PAR,J-26-0401-03,2028-04-01,,800,800,0,0,0,False,Transfer,3275088,receiving_detail.xlsx,2026-09,2026-09-03T06:40:33.737466,2026-09-03T06:40:33.737466
2026-05-05,Transfer,Transfer Receipt,PTR-2605-0113,20000,FG-SC-002,,,2026-05-05,CAB01-JKT,,,MDN-PAR,J-26-0401-01,2028-04-01,,800,800,0,0,0,False,Transfer,3275086,receiving_detail.xlsx,2026-09,2026-09-03T06:40:33.737466,2026-09-03T06:40:33.737466
2026-05-05,Transfer,Transfer Receipt,PTR-2605-0113,20000,FG-SC-002,,,2026-05-05,CAB01-JKT,,,MDN-PAR,J-26-0331-12,2028-03-31,,800,800,0,0,0,False,Transfer,3275084,receiving_detail.xlsx,2026-09,2026-09-03T06:40:33.737466,2026-09-03T06:40:33.737466
2026-05-05,Transfer,Transfer Receipt,PTR-2605-0113,10000,ELISIO1-15H,,,2026-05-05,CAB01-JKT,,,MDN-PAR,25L01CHR,2028-11-30,,3782,3782,0,0,0,False,Transfer,3275082,receiving_detail.xlsx,2026-09,2026-09-03T06:40:33.737466,2026-09-03T06:40:33.737466
2026-05-05,Transfer,Transfer Receipt,PTR-2605-0113,10000,ELISIO1-15H,,,2026-05-05,CAB01-JKT,,,MDN-PAR,25L01CHR,2028-11-30,,240,240,0,0,0,False,Transfer,3275081,receiving_detail.xlsx,2026-09,2026-09-03T06:40:33.737466,2026-09-03T06:40:33.737466
2026-05-05,Transfer,Transfer Receipt,PTR-2605-0113,10000,ELISIO1-15H,,,2026-05-05,CAB01-JKT,,,MDN-PAR,25L01CHR,2028-11-30,,144,144,0,0,0,False,Transfer,3275080,receiving_detail.xlsx,2026-09,2026-09-03T06:40:33.737466,2026-09-03T06:40:33.737466
2026-05-05,Transfer,Transfer Receipt,PTR-2605-0113,10000,ELISIO1-15H,,,2026-05-05,CAB01-JKT,,,MDN-PAR,25L01CHR,2028-11-30,,634,634,0,0,0,False,Transfer,3275079,receiving_detail.xlsx,2026-09,2026-09-03T06:40:33.737466,2026-09-03T06:40:33.737466
2026-05-05,Transfer,Transfer Receipt,PTR-2605-0112,80000,PR-325104-50ST,,,2026-05-05,CAB01-JKT,,,MDN-PAR,YD12KBYZB,2028-01-31,,1000,1000,0,0,0,False,Transfer,3275077,receiving_detail.xlsx,2026-09,2026-09-03T06:40:33.737466,2026-09-03T06:40:33.737466
2026-05-05,Transfer,Transfer Receipt,PTR-2605-0112,70000,ELISIO-15HX,,,2026-05-05,CAB01-JKT,,,MDN-PAR,24G22F,2027-06-30,,48,48,48,0,0,True,Transfer,3275075,receiving_detail.xlsx,2026-09,2026-09-03T06:40:33.737466,2026-09-03T06:40:33.737466
2026-05-05,Transfer,Transfer Receipt,PTR-2605-0112,60000,ELISIO-11H,,,2026-05-05,CAB01-JKT,,,MDN-PAR,26A26C,2028-12-31,,144,144,1,0,0,True,Transfer,3275073,receiving_detail.xlsx,2026-09,2026-09-03T06:40:33.737466,2026-09-03T06:40:33.737466
2026-05-05,Transfer,Transfer Receipt,PTR-2605-0112,50000,A133-V702,,,2026-05-05,CAB01-JKT,,,MDN-PAR,26A13,2030-12-31,,96,96,0,0,0,False,Transfer,3275071,receiving_detail.xlsx,2026-09,2026-09-03T06:40:33.737466,2026-09-03T06:40:33.737466
2026-05-05,Transfer,Transfer Receipt,PTR-2605-0112,40000,HD PACK-2B,,,2026-05-05,CAB01-JKT,,,MDN-PAR,OP3/5308,2031-03-31,,1000,1000,0,0,0,False,Transfer,3275069,receiving_detail.xlsx,2026-09,2026-09-03T06:40:33.737466,2026-09-03T06:40:33.737466
2026-05-05,Transfer,Transfer Receipt,PTR-2605-0112,10000,NIC2025-N-E,,,2026-05-05,CAB01-JKT,,,MDN-PAR,25L2106J,2030-11-30,,10000,10000,0,0,0,False,Transfer,3275067,receiving_detail.xlsx,2026-09,2026-09-03T06:40:33.737466,2026-09-03T06:40:33.737466
2026-05-05,Transfer,Transfer Receipt,PTR-2605-0093,20000,A016-R-V604R,,,2026-05-05,CAB01-JKT,,,MDN-PAR,26C29L5J,2031-02-28,,352,352,0,0,0,False,Transfer,3274031,receiving_detail.xlsx,2026-09,2026-09-03T06:40:33.737466,2026-09-03T06:40:33.737466
2026-05-05,Transfer,Transfer Receipt,PTR-2605-0093,20000,A016-R-V604R,,,2026-05-05,CAB01-JKT,,,MDN-PAR,26C27L5J,2031-02-28,,14168,14168,0,0,0,False,Transfer,3274029,receiving_detail.xlsx,2026-09,2026-09-03T06:40:33.737466,2026-09-03T06:40:33.737466
2026-05-05,Transfer,Transfer Receipt,PTR-2605-0093,10000,NIC2225-N-E,,,2026-05-05,CAB01-JKT,,,MDN-PAR,26B1506J,2031-01-31,,10000,10000,0,0,0,False,Transfer,3274027,receiving_detail.xlsx,2026-09,2026-09-03T06:40:33.737466,2026-09-03T06:40:33.737466
2026-05-04,Transfer,Transfer Receipt,PTR-2605-0042,20000,SFL09,,,2026-05-04,CAB01-JKT,,,MDN-PAR,25D10A,2028-03-31,,20,20,0,0,0,False,Transfer,3271845,receiving_detail.xlsx,2026-09,2026-09-03T06:40:33.737466,2026-09-03T06:40:33.737466
2026-05-04,Transfer,Transfer Receipt,PTR-2605-0042,10000,SFE07,,,2026-05-04,CAB01-JKT,,,MDN-PAR,25A13A,2027-12-31,,5,5,0,0,0,False,Transfer,3271843,receiving_detail.xlsx,2026-09,2026-09-03T06:40:33.737466,2026-09-03T06:40:33.737466
2026-04-29,Transfer,Transfer Receipt,PTR-2604-1062,10000,AK1-10L,,,2026-04-29,CAB01-JKT,,,MDN-PAR,J-26-0222-1,2028-02-22,,327,327,0,0,0,False,Transfer,3267417,receiving_detail.xlsx,2026-09,2026-09-03T06:40:33.737466,2026-09-03T06:40:33.737466
2026-04-29,Transfer,Transfer Receipt,PTR-2604-1062,10000,AK1-10L,,,2026-04-29,CAB01-JKT,,,MDN-PAR,J-26-0302-1,2028-03-02,,241,241,0,0,0,False,Transfer,3267415,receiving_detail.xlsx,2026-09,2026-09-03T06:40:33.737466,2026-09-03T06:40:33.737466
2026-04-29,Transfer,Transfer Receipt,PTR-2604-1062,10000,AK1-10L,,,2026-04-29,CAB01-JKT,,,MDN-PAR,J-26-0303-2,2028-03-03,,641,641,0,0,0,False,Transfer,3267413,receiving_detail.xlsx,2026-09,2026-09-03T06:40:33.737466,2026-09-03T06:40:33.737466
2026-04-29,Transfer,Transfer Receipt,PTR-2604-1062,10000,AK1-10L,,,2026-04-29,CAB01-JKT,,,MDN-PAR,J-26-0305-4,2028-03-05,,641,641,0,0,0,False,Transfer,3267411,receiving_detail.xlsx,2026-09,2026-09-03T06:40:33.737466,2026-09-03T06:40:33.737466
2026-04-29,Transfer,Transfer Receipt,PTR-2604-1057,20000,SFL09,,,2026-04-29,CAB01-JKT,,,MDN-PAR,25D10A,2028-03-31,,20,20,0,0,0,False,Transfer,3267287,receiving_detail.xlsx,2026-09,2026-09-03T06:40:33.737466,2026-09-03T06:40:33.737466
2026-04-29,Transfer,Transfer Receipt,PTR-2604-1057,10000,SFE07,,,2026-04-29,CAB01-JKT,,,MDN-PAR,25A13A,2027-12-31,,10,10,0,0,0,False,Transfer,3267285,receiving_detail.xlsx,2026-09,2026-09-03T06:40:33.737466,2026-09-03T06:40:33.737466
2026-04-29,Transfer,Transfer Receipt,PTR-2604-1031,20000,FG-SC-002,,,2026-04-29,CAB01-JKT,,,MDN-PAR,J-26-0328-07,2028-03-28,,160,160,0,0,0,False,Transfer,3266526,receiving_detail.xlsx,2026-09,2026-09-03T06:40:33.737466,2026-09-03T06:40:33.737466
2026-04-29,Transfer,Transfer Receipt,PTR-2604-1031,20000,FG-SC-002,,,2026-04-29,CAB01-JKT,,,MDN-PAR,J-26-0328-06,2028-03-28,,388,388,0,0,0,False,Transfer,3266524,receiving_detail.xlsx,2026-09,2026-09-03T06:40:33.737466,2026-09-03T06:40:33.737466
2026-04-29,Transfer,Transfer Receipt,PTR-2604-1031,20000,FG-SC-002,,,2026-04-29,CAB01-JKT,,,MDN-PAR,J-26-0328-08,2028-03-28,,160,160,0,0,0,False,Transfer,3266522,receiving_detail.xlsx,2026-09,2026-09-03T06:40:33.737466,2026-09-03T06:40:33.737466
2026-04-29,Transfer,Transfer Receipt,PTR-2604-1031,20000,FG-SC-002,,,2026-04-29,CAB01-JKT,,,MDN-PAR,J-26-0328-09,2028-03-28,,160,160,0,0,0,False,Transfer,3266520,receiving_detail.xlsx,2026-09,2026-09-03T06:40:33.737466,2026-09-03T06:40:33.737466
2026-04-29,Transfer,Transfer Receipt,PTR-2604-1031,20000,FG-SC-002,,,2026-04-29,CAB01-JKT,,,MDN-PAR,J-26-0328-10,2028-03-28,,160,160,0,0,0,False,Transfer,3266518,receiving_detail.xlsx,2026-09,2026-09-03T06:40:33.737466,2026-09-03T06:40:33.737466
2026-04-29,Transfer,Transfer Receipt,PTR-2604-1031,20000,FG-SC-002,,,2026-04-29,CAB01-JKT,,,MDN-PAR,J-26-0328-11,2028-03-28,,960,960,0,0,0,False,Transfer,3266516,receiving_detail.xlsx,2026-09,2026-09-03T06:40:33.737466,2026-09-03T06:40:33.737466
2026-04-29,Transfer,Transfer Receipt,PTR-2604-1031,20000,FG-SC-002,,,2026-04-29,CAB01-JKT,,,MDN-PAR,J-26-0328-12,2028-03-28,,160,160,0,0,0,False,Transfer,3266514,receiving_detail.xlsx,2026-09,2026-09-03T06:40:33.737466,2026-09-03T06:40:33.737466
2026-04-29,Transfer,Transfer Receipt,PTR-2604-1031,20000,FG-SC-002,,,2026-04-29,CAB01-JKT,,,MDN-PAR,J-26-0328-13,2028-03-28,,960,960,0,0,0,False,Transfer,3266512,receiving_detail.xlsx,2026-09,2026-09-03T06:40:33.737466,2026-09-03T06:40:33.737466
2026-04-29,Transfer,Transfer Receipt,PTR-2604-1031,20000,FG-SC-002,,,2026-04-29,CAB01-JKT,,,MDN-PAR,J-26-0329-01,2028-03-29,,160,160,0,0,0,False,Transfer,3266510,receiving_detail.xlsx,2026-09,2026-09-03T06:40:33.737466,2026-09-03T06:40:33.737466
2026-04-29,Transfer,Transfer Receipt,PTR-2604-1031,20000,FG-SC-002,,,2026-04-29,CAB01-JKT,,,MDN-PAR,J-26-0329-02,2028-03-29,,961,961,0,0,0,False,Transfer,3266508,receiving_detail.xlsx,2026-09,2026-09-03T06:40:33.737466,2026-09-03T06:40:33.737466
2026-04-29,Transfer,Transfer Receipt,PTR-2604-1031,20000,FG-SC-002,,,2026-04-29,CAB01-JKT,,,MDN-PAR,J-26-0329-03,2028-03-29,,160,160,0,0,0,False,Transfer,3266506,receiving_detail.xlsx,2026-09,2026-09-03T06:40:33.737466,2026-09-03T06:40:33.737466
2026-04-29,Transfer,Transfer Receipt,PTR-2604-1031,20000,FG-SC-002,,,2026-04-29,CAB01-JKT,,,MDN-PAR,J-26-0329-04,2028-03-29,,960,960,0,0,0,False,Transfer,3266504,receiving_detail.xlsx,2026-09,2026-09-03T06:40:33.737466,2026-09-03T06:40:33.737466
2026-04-29,Transfer,Transfer Receipt,PTR-2604-1031,20000,FG-SC-002,,,2026-04-29,CAB01-JKT,,,MDN-PAR,J-26-0329-05,2028-03-29,,960,960,0,0,0,False,Transfer,3266502,receiving_detail.xlsx,2026-09,2026-09-03T06:40:33.737466,2026-09-03T06:40:33.737466
2026-04-29,Transfer,Transfer Receipt,PTR-2604-1031,20000,FG-SC-002,,,2026-04-29,CAB01-JKT,,,MDN-PAR,J-26-0329-06,2028-03-29,,91,91,0,0,0,False,Transfer,3266500,receiving_detail.xlsx,2026-09,2026-09-03T06:40:33.737466,2026-09-03T06:40:33.737466
2026-04-29,Transfer,Transfer Receipt,PTR-2604-1031,10000,ELISIO1-15H,,,2026-04-29,CAB01-JKT,,,MDN-PAR,25K28AHR,2028-10-31,,811,811,0,0,0,False,Transfer,3266498,receiving_detail.xlsx,2026-09,2026-09-03T06:40:33.737466,2026-09-03T06:40:33.737466
2026-04-29,Transfer,Transfer Receipt,PTR-2604-1031,10000,ELISIO1-15H,,,2026-04-29,CAB01-JKT,,,MDN-PAR,25K28AHR,2028-10-31,,1200,1200,0,0,0,False,Transfer,3266497,receiving_detail.xlsx,2026-09,2026-09-03T06:40:33.737466,2026-09-03T06:40:33.737466
2026-04-29,Transfer,Transfer Receipt,PTR-2604-1031,10000,ELISIO1-15H,,,2026-04-29,CAB01-JKT,,,MDN-PAR,25K28AHR,2028-10-31,,389,389,0,0,0,False,Transfer,3266496,receiving_detail.xlsx,2026-09,2026-09-03T06:40:33.737466,2026-09-03T06:40:33.737466
2026-04-29,Transfer,Transfer Receipt,PTR-2604-1031,10000,ELISIO1-15H,,,2026-04-29,CAB01-JKT,,,MDN-PAR,25J21AHR,2028-09-30,,5040,5040,0,0,0,False,Transfer,3266494,receiving_detail.xlsx,2026-09,2026-09-03T06:40:33.737466,2026-09-03T06:40:33.737466
2026-04-29,Transfer,Transfer Receipt,PTR-2604-1030,10000,ELISIO-17HX,,,2026-04-29,CAB01-JKT,,,MDN-PAR,24G22C,2027-06-30,,48,48,0,0,0,False,Transfer,3266485,receiving_detail.xlsx,2026-09,2026-09-03T06:40:33.737466,2026-09-03T06:40:33.737466
2026-04-22,Transfer,Transfer Receipt,PTR-2604-0771,10000,FB90G,,,2026-04-22,CAB01-JKT,,,MDN-PAR,25D07B,2028-03-31,,10,10,0,0,0,False,Transfer,3256078,receiving_detail.xlsx,2026-09,2026-09-03T06:40:33.737466,2026-09-03T06:40:33.737466
2026-04-22,Transfer,Transfer Receipt,PTR-2604-0756,10000,FB70G,,,2026-04-22,CAB01-JKT,,,MDN-PAR,23F19B,2026-05-31,,15,15,0,0,0,False,Transfer,3255220,receiving_detail.xlsx,2026-09,2026-09-03T06:40:33.737466,2026-09-03T06:40:33.737466
2026-04-20,Transfer,Transfer Receipt,PTR-2604-0660,10000,FB70G,,,2026-04-20,CAB01-JKT,,,MDN-PAR,23F19B,2026-05-31,,6,6,0,0,0,False,Transfer,3251380,receiving_detail.xlsx,2026-09,2026-09-03T06:40:33.737466,2026-09-03T06:40:33.737466
2026-04-20,Transfer,Transfer Receipt,PTR-2604-0660,10000,FB70G,,,2026-04-20,CAB01-JKT,,,MDN-PAR,23H14B,2026-07-31,,3,3,0,0,0,False,Transfer,3251378,receiving_detail.xlsx,2026-09,2026-09-03T06:40:33.737466,2026-09-03T06:40:33.737466
2026-04-20,Transfer,Transfer Receipt,PTR-2604-0660,10000,FB70G,,,2026-04-20,CAB01-JKT,,,MDN-PAR,23H14B,2026-07-31,,2,2,0,0,0,False,Transfer,3251377,receiving_detail.xlsx,2026-09,2026-09-03T06:40:33.737466,2026-09-03T06:40:33.737466
2026-04-20,Transfer,Transfer Receipt,PTR-2604-0660,10000,FB70G,,,2026-04-20,CAB01-JKT,,,MDN-PAR,23H14B,2026-07-31,,2,2,0,0,0,False,Transfer,3251376,receiving_detail.xlsx,2026-09,2026-09-03T06:40:33.737466,2026-09-03T06:40:33.737466
2026-04-17,Transfer,Transfer Receipt,PTR-2604-0631,30000,A016-R-V604R,,,2026-04-17,CAB01-JKT,,,MDN-PAR,26C06L5J,2031-02-28,,2728,2728,0,0,0,False,Transfer,3250513,receiving_detail.xlsx,2026-09,2026-09-03T06:40:33.737466,2026-09-03T06:40:33.737466
2026-04-17,Transfer,Transfer Receipt,PTR-2604-0631,20000,DS10L2138R-N,,,2026-04-17,CAB01-JKT,,,MDN-PAR,26B0310J.,2031-01-31,,100000,100000,100000,0,0,True,Transfer,3250511,receiving_detail.xlsx,2026-09,2026-09-03T06:40:33.737466,2026-09-03T06:40:33.737466
2026-04-17,Transfer,Transfer Receipt,PTR-2604-0631,10000,DS03L2332R-N,,,2026-04-17,CAB01-JKT,,,MDN-PAR,26B1108J.,2031-01-31,,240000,240000,240000,0,0,True,Transfer,3250509,receiving_detail.xlsx,2026-09,2026-09-03T06:40:33.737466,2026-09-03T06:40:33.737466
2026-04-17,Transfer,Transfer Receipt,PTR-2604-0630,10000,AK1-10L,,,2026-04-17,CAB01-JKT,,,MDN-PAR,J-26-0223-7,2028-02-23,,578,578,0,0,0,False,Transfer,3250505,receiving_detail.xlsx,2026-09,2026-09-03T06:40:33.737466,2026-09-03T06:40:33.737466
2026-04-17,Transfer,Transfer Receipt,PTR-2604-0630,10000,AK1-10L,,,2026-04-17,CAB01-JKT,,,MDN-PAR,J-26-0226-1,2028-02-26,,631,631,0,0,0,False,Transfer,3250503,receiving_detail.xlsx,2026-09,2026-09-03T06:40:33.737466,2026-09-03T06:40:33.737466
2026-04-17,Transfer,Transfer Receipt,PTR-2604-0630,10000,AK1-10L,,,2026-04-17,CAB01-JKT,,,MDN-PAR,J-26-0227-4,2028-02-27,,641,641,0,0,0,False,Transfer,3250501,receiving_detail.xlsx,2026-09,2026-09-03T06:40:33.737466,2026-09-03T06:40:33.737466
2026-04-17,Transfer,Transfer Receipt,PTR-2604-0629,10000,AK1-10L,,,2026-04-17,CAB01-JKT,,,MDN-PAR,J-26-0219-6,2028-02-19,,641,641,0,0,0,False,Transfer,3250499,receiving_detail.xlsx,2026-09,2026-09-03T06:40:33.737466,2026-09-03T06:40:33.737466
2026-04-17,Transfer,Transfer Receipt,PTR-2604-0629,10000,AK1-10L,,,2026-04-17,CAB01-JKT,,,MDN-PAR,J-26-0221-1,2028-02-21,,609,609,0,0,0,False,Transfer,3250497,receiving_detail.xlsx,2026-09,2026-09-03T06:40:33.737466,2026-09-03T06:40:33.737466
2026-04-17,Transfer,Transfer Receipt,PTR-2604-0629,10000,AK1-10L,,,2026-04-17,CAB01-JKT,,,MDN-PAR,J-26-0221-5,2028-02-21,,600,600,0,0,0,False,Transfer,3250495,receiving_detail.xlsx,2026-09,2026-09-03T06:40:33.737466,2026-09-03T06:40:33.737466
2026-04-10,Transfer,Transfer Receipt,PTR-2604-0350,10000,AK1-10L,,,2026-04-10,CAB01-JKT,,,MDN-PAR,J-26-0211-6,2028-02-11,,537,537,0,0,0,False,Transfer,3238977,receiving_detail.xlsx,2026-09,2026-09-03T06:40:33.737466,2026-09-03T06:40:33.737466
2026-04-10,Transfer,Transfer Receipt,PTR-2604-0350,10000,AK1-10L,,,2026-04-10,CAB01-JKT,,,MDN-PAR,J-26-0211-2,2028-02-11,,62,62,0,0,0,False,Transfer,3238975,receiving_detail.xlsx,2026-09,2026-09-03T06:40:33.737466,2026-09-03T06:40:33.737466
2026-04-10,Transfer,Transfer Receipt,PTR-2604-0350,10000,AK1-10L,,,2026-04-10,CAB01-JKT,,,MDN-PAR,J-26-0212-1,2028-02-12,,610,610,0,0,0,False,Transfer,3238973,receiving_detail.xlsx,2026-09,2026-09-03T06:40:33.737466,2026-09-03T06:40:33.737466
2026-04-10,Transfer,Transfer Receipt,PTR-2604-0350,10000,AK1-10L,,,2026-04-10,CAB01-JKT,,,MDN-PAR,J-26-0211-3,2028-02-11,,641,641,0,0,0,False,Transfer,3238971,receiving_detail.xlsx,2026-09,2026-09-03T06:40:33.737466,2026-09-03T06:40:33.737466
2026-04-10,Transfer,Transfer Receipt,PTR-2604-0349,10000,FB70G,,,2026-04-10,CAB01-JKT,,,MDN-PAR,23H14B,2026-07-31,,3,3,0,0,0,False,Transfer,3238964,receiving_detail.xlsx,2026-09,2026-09-03T06:40:33.737466,2026-09-03T06:40:33.737466
2026-04-10,Transfer,Transfer Receipt,PTR-2604-0349,10000,FB70G,,,2026-04-10,CAB01-JKT,,,MDN-PAR,23H14B,2026-07-31,,3,3,0,0,0,False,Transfer,3238963,receiving_detail.xlsx,2026-09,2026-09-03T06:40:33.737466,2026-09-03T06:40:33.737466
2026-04-09,Transfer,Transfer Receipt,PTR-2604-0284,60000,HD PACK-2B,,,2026-04-09,CAB01-JKT,,,MDN-PAR,OP3/5296,2031-02-28,,2000,2000,0,0,0,False,Transfer,3235952,receiving_detail.xlsx,2026-09,2026-09-03T06:40:33.737466,2026-09-03T06:40:33.737466
2026-04-09,Transfer,Transfer Receipt,PTR-2604-0284,50000,FG-SC-002,,,2026-04-09,CAB01-JKT,,,MDN-PAR,J-26-0307-05,2028-03-07,,800,800,0,0,0,False,Transfer,3235950,receiving_detail.xlsx,2026-09,2026-09-03T06:40:33.737466,2026-09-03T06:40:33.737466
2026-04-09,Transfer,Transfer Receipt,PTR-2604-0284,50000,FG-SC-002,,,2026-04-09,CAB01-JKT,,,MDN-PAR,J-26-0307-04,2028-03-07,,800,800,0,0,0,False,Transfer,3235948,receiving_detail.xlsx,2026-09,2026-09-03T06:40:33.737466,2026-09-03T06:40:33.737466
2026-04-09,Transfer,Transfer Receipt,PTR-2604-0284,50000,FG-SC-002,,,2026-04-09,CAB01-JKT,,,MDN-PAR,J-26-0307-01,2028-03-07,,800,800,0,0,0,False,Transfer,3235946,receiving_detail.xlsx,2026-09,2026-09-03T06:40:33.737466,2026-09-03T06:40:33.737466
2026-04-09,Transfer,Transfer Receipt,PTR-2604-0284,50000,FG-SC-002,,,2026-04-09,CAB01-JKT,,,MDN-PAR,J-26-0306-13,2028-03-06,,800,800,0,0,0,False,Transfer,3235944,receiving_detail.xlsx,2026-09,2026-09-03T06:40:33.737466,2026-09-03T06:40:33.737466
2026-04-09,Transfer,Transfer Receipt,PTR-2604-0284,50000,FG-SC-002,,,2026-04-09,CAB01-JKT,,,MDN-PAR,J-26-0306-12,2028-03-06,,800,800,0,0,0,False,Transfer,3235942,receiving_detail.xlsx,2026-09,2026-09-03T06:40:33.737466,2026-09-03T06:40:33.737466
2026-04-09,Transfer,Transfer Receipt,PTR-2604-0284,50000,FG-SC-002,,,2026-04-09,CAB01-JKT,,,MDN-PAR,J-26-0306-11,2028-03-06,,800,800,0,0,0,False,Transfer,3235940,receiving_detail.xlsx,2026-09,2026-09-03T06:40:33.737466,2026-09-03T06:40:33.737466
2026-04-09,Transfer,Transfer Receipt,PTR-2604-0284,50000,FG-SC-002,,,2026-04-09,CAB01-JKT,,,MDN-PAR,J-26-0306-10,2028-03-06,,800,800,0,0,0,False,Transfer,3235938,receiving_detail.xlsx,2026-09,2026-09-03T06:40:33.737466,2026-09-03T06:40:33.737466
2026-04-09,Transfer,Transfer Receipt,PTR-2604-0284,40000,ELISIO1-15H,,,2026-04-09,CAB01-JKT,,,MDN-PAR,25H19CHR,2028-07-31,,2722,2722,0,0,0,False,Transfer,3235936,receiving_detail.xlsx,2026-09,2026-09-03T06:40:33.737466,2026-09-03T06:40:33.737466
2026-04-09,Transfer,Transfer Receipt,PTR-2604-0284,40000,ELISIO1-15H,,,2026-04-09,CAB01-JKT,,,MDN-PAR,25H19CHR,2028-07-31,,384,384,0,0,0,False,Transfer,3235935,receiving_detail.xlsx,2026-09,2026-09-03T06:40:33.737466,2026-09-03T06:40:33.737466
2026-04-09,Transfer,Transfer Receipt,PTR-2604-0284,40000,ELISIO1-15H,,,2026-04-09,CAB01-JKT,,,MDN-PAR,25H19CHR,2028-07-31,,1200,1200,0,0,0,False,Transfer,3235934,receiving_detail.xlsx,2026-09,2026-09-03T06:40:33.737466,2026-09-03T06:40:33.737466
2026-04-09,Transfer,Transfer Receipt,PTR-2604-0284,40000,ELISIO1-15H,,,2026-04-09,CAB01-JKT,,,MDN-PAR,25H19CHR,2028-07-31,,1934,1934,0,0,0,False,Transfer,3235933,receiving_detail.xlsx,2026-09,2026-09-03T06:40:33.737466,2026-09-03T06:40:33.737466
2026-04-09,Transfer,Transfer Receipt,PTR-2604-0284,30000,AVF1625-HC-N,,,2026-04-09,CAB01-JKT,,,MDN-PAR,26A1506J,2030-12-31,,6500,6500,0,0,0,False,Transfer,3235931,receiving_detail.xlsx,2026-09,2026-09-03T06:40:33.737466,2026-09-03T06:40:33.737466
2026-04-09,Transfer,Transfer Receipt,PTR-2604-0284,20000,NIC2225-N-E,,,2026-04-09,CAB01-JKT,,,MDN-PAR,25J1406J,2030-09-30,,8000,8000,0,0,0,False,Transfer,3235929,receiving_detail.xlsx,2026-09,2026-09-03T06:40:33.737466,2026-09-03T06:40:33.737466
2026-04-09,Transfer,Transfer Receipt,PTR-2604-0284,10000,NIC2025-N-E,,,2026-04-09,CAB01-JKT,,,MDN-PAR,25H1506J,2030-07-31,,8000,8000,0,0,0,False,Transfer,3235927,receiving_detail.xlsx,2026-09,2026-09-03T06:40:33.737466,2026-09-03T06:40:33.737466
2026-04-01,Transfer,Transfer Receipt,PTR-2604-0018,30000,DS10L2138R-N,,,2026-04-01,CAB01-JKT,,,MDN-PAR,26A1310J,2030-12-31,,27000,27000,27000,0,0,True,Transfer,3223978,receiving_detail.xlsx,2026-09,2026-09-03T06:40:33.737466,2026-09-03T06:40:33.737466
2026-04-01,Transfer,Transfer Receipt,PTR-2604-0018,30000,DS10L2138R-N,,,2026-04-01,CAB01-JKT,,,MDN-PAR,26A1310J,2030-12-31,,18000,18000,18000,0,0,True,Transfer,3223977,receiving_detail.xlsx,2026-09,2026-09-03T06:40:33.737466,2026-09-03T06:40:33.737466
2026-04-01,Transfer,Transfer Receipt,PTR-2604-0018,20000,DS05L2238R-N,,,2026-04-01,CAB01-JKT,,,MDN-PAR,26B1809J,2031-01-31,,169900,169900,169900,0,0,True,Transfer,3223975,receiving_detail.xlsx,2026-09,2026-09-03T06:40:33.737466,2026-09-03T06:40:33.737466
2026-04-01,Transfer,Transfer Receipt,PTR-2604-0018,20000,DS05L2238R-N,,,2026-04-01,CAB01-JKT,,,MDN-PAR,26B1809J,2031-01-31,,100,100,100,0,0,True,Transfer,3223974,receiving_detail.xlsx,2026-09,2026-09-03T06:40:33.737466,2026-09-03T06:40:33.737466
2026-04-01,Transfer,Transfer Receipt,PTR-2604-0018,10000,DS03L2332R-N,,,2026-04-01,CAB01-JKT,,,MDN-PAR,26A2708J,2030-12-31,,240000,240000,240000,0,0,True,Transfer,3223972,receiving_detail.xlsx,2026-09,2026-09-03T06:40:33.737466,2026-09-03T06:40:33.737466
2026-03-31,Transfer,Transfer Receipt,PTR-2603-0914,60000,A016-R-V604R,,,2026-03-31,CAB01-JKT,,,MDN-PAR,26B24L5J.,2031-01-31,,7040,7040,0,0,0,False,Transfer,3222388,receiving_detail.xlsx,2026-09,2026-09-03T06:40:33.737466,2026-09-03T06:40:33.737466
2026-03-31,Transfer,Transfer Receipt,PTR-2603-0914,50000,AVF1625-HC-N,,,2026-03-31,CAB01-JKT,,,MDN-PAR,26B2606J,2031-01-31,,20000,20000,0,0,0,False,Transfer,3222386,receiving_detail.xlsx,2026-09,2026-09-03T06:40:33.737466,2026-09-03T06:40:33.737466
2026-03-31,Transfer,Transfer Receipt,PTR-2603-0914,40000,NIC2225-N-E,,,2026-03-31,CAB01-JKT,,,MDN-PAR,26A3006J,2030-12-31,,30000,30000,0,0,0,False,Transfer,3222384,receiving_detail.xlsx,2026-09,2026-09-03T06:40:33.737466,2026-09-03T06:40:33.737466
2026-03-31,Transfer,Transfer Receipt,PTR-2603-0914,30000,DS10L2138R-N,,,2026-03-31,CAB01-JKT,,,MDN-PAR,26A1510J,2030-12-31,,30000,30000,30000,0,0,True,Transfer,3222382,receiving_detail.xlsx,2026-09,2026-09-03T06:40:33.737466,2026-09-03T06:40:33.737466
2026-03-31,Transfer,Transfer Receipt,PTR-2603-0914,20000,DS05L2238R-N,,,2026-03-31,CAB01-JKT,,,MDN-PAR,26B1909J,2031-01-31,,50000,50000,50000,0,0,True,Transfer,3222380,receiving_detail.xlsx,2026-09,2026-09-03T06:40:33.737466,2026-09-03T06:40:33.737466
2026-03-31,Transfer,Transfer Receipt,PTR-2603-0914,20000,DS05L2238R-N,,,2026-03-31,CAB01-JKT,,,MDN-PAR,26B1909J,2031-01-31,,1000,1000,1000,0,0,True,Transfer,3222379,receiving_detail.xlsx,2026-09,2026-09-03T06:40:33.737466,2026-09-03T06:40:33.737466
2026-03-31,Transfer,Transfer Receipt,PTR-2603-0914,10000,DS03L2332R-N,,,2026-03-31,CAB01-JKT,,,MDN-PAR,26A2602J,2030-12-31,,72000,72000,72000,0,0,True,Transfer,3222377,receiving_detail.xlsx,2026-09,2026-09-03T06:40:33.737466,2026-09-03T06:40:33.737466
2026-03-18,Transfer,Transfer Receipt,PTR-2603-0675,10000,PTMC-26,,,2026-03-18,CAB01-MDN,,,MDN-PAR,250623,2027-06-23,,1,1,0,0,0,False,Transfer,3211154,receiving_detail.xlsx,2026-09,2026-09-03T06:40:33.737466,2026-09-03T06:40:33.737466
2026-03-17,Transfer,Transfer Receipt,PTR-2603-0664,10000,DS50CT-R-N,,,2026-03-17,CAB01-JKT,,,MDN-PAR,25G2401J,2030-06-30,,650,650,0,0,0,False,Transfer,3210821,receiving_detail.xlsx,2026-09,2026-09-03T06:40:33.737466,2026-09-03T06:40:33.737466
2026-03-17,Transfer,Transfer Receipt,PTR-2603-0663,30000,NIC2225-N-E,,,2026-03-17,CAB01-JKT,,,MDN-PAR,25J2606J,2030-09-30,,600,600,0,0,0,False,Transfer,3210819,receiving_detail.xlsx,2026-09,2026-09-03T06:40:33.737466,2026-09-03T06:40:33.737466
2026-03-17,Transfer,Transfer Receipt,PTR-2603-0663,20000,NIC2025-N-E,,,2026-03-17,CAB01-JKT,,,MDN-PAR,25H1406J,2030-07-31,,400,400,0,0,0,False,Transfer,3210817,receiving_detail.xlsx,2026-09,2026-09-03T06:40:33.737466,2026-09-03T06:40:33.737466
2026-03-17,Transfer,Transfer Receipt,PTR-2603-0663,10000,NIC2420-N-E,,,2026-03-17,CAB01-JKT,,,MDN-PAR,25I3006J,2030-08-31,,400,400,0,0,0,False,Transfer,3210815,receiving_detail.xlsx,2026-09,2026-09-03T06:40:33.737466,2026-09-03T06:40:33.737466
2026-03-16,Transfer,Transfer Receipt,PTR-2603-0586,10000,ELISIO-11H,,,2026-03-16,,,,MDN-PAR,26A26C,2028-12-31,,48,48,0,0,0,False,Transfer,3207719,receiving_detail.xlsx,2026-09,2026-09-03T06:40:33.737466,2026-09-03T06:40:33.737466
2026-03-16,Transfer,Transfer Receipt,PTR-2603-0585,10000,AK1-10L,,,2026-03-16,CAB01-JKT,,,MDN-PAR,J-26-0113-4,2028-01-13,,307,307,0,0,0,False,Transfer,3207717,receiving_detail.xlsx,2026-09,2026-09-03T06:40:33.737466,2026-09-03T06:40:33.737466
2026-03-16,Transfer,Transfer Receipt,PTR-2603-0585,10000,AK1-10L,,,2026-03-16,CAB01-JKT,,,MDN-PAR,J-26-0113-3,2028-01-13,,641,641,0,0,0,False,Transfer,3207715,receiving_detail.xlsx,2026-09,2026-09-03T06:40:33.737466,2026-09-03T06:40:33.737466
2026-03-16,Transfer,Transfer Receipt,PTR-2603-0585,10000,AK1-10L,,,2026-03-16,CAB01-JKT,,,MDN-PAR,J-26-0113-1,2028-01-13,,261,261,0,0,0,False,Transfer,3207713,receiving_detail.xlsx,2026-09,2026-09-03T06:40:33.737466,2026-09-03T06:40:33.737466
2026-03-16,Transfer,Transfer Receipt,PTR-2603-0585,10000,AK1-10L,,,2026-03-16,CAB01-JKT,,,MDN-PAR,J-26-0113-2,2028-01-13,,641,641,0,0,0,False,Transfer,3207711,receiving_detail.xlsx,2026-09,2026-09-03T06:40:33.737466,2026-09-03T06:40:33.737466
2026-03-13,Transfer,Transfer Receipt,PTR-2603-0549,70000,A016-R-V604R,,,2026-03-13,CAB01-JKT,,,MDN-PAR,26B16L5J.,2031-01-31,,4400,4400,0,0,0,False,Transfer,3206536,receiving_detail.xlsx,2026-09,2026-09-03T06:40:33.737466,2026-09-03T06:40:33.737466
2026-03-13,Transfer,Transfer Receipt,PTR-2603-0549,60000,FG-SC-002,,,2026-03-13,CAB01-JKT,,,MDN-PAR,J-26-0210-09,2028-02-10,,348,348,0,0,0,False,Transfer,3206534,receiving_detail.xlsx,2026-09,2026-09-03T06:40:33.737466,2026-09-03T06:40:33.737466
2026-03-13,Transfer,Transfer Receipt,PTR-2603-0549,60000,FG-SC-002,,,2026-03-13,CAB01-JKT,,,MDN-PAR,J-26-0210-10,2028-02-10,,160,160,0,0,0,False,Transfer,3206532,receiving_detail.xlsx,2026-09,2026-09-03T06:40:33.737466,2026-09-03T06:40:33.737466
2026-03-13,Transfer,Transfer Receipt,PTR-2603-0549,60000,FG-SC-002,,,2026-03-13,CAB01-JKT,,,MDN-PAR,J-26-0210-11,2028-02-10,,133,133,0,0,0,False,Transfer,3206530,receiving_detail.xlsx,2026-09,2026-09-03T06:40:33.737466,2026-09-03T06:40:33.737466
2026-03-13,Transfer,Transfer Receipt,PTR-2603-0549,60000,FG-SC-002,,,2026-03-13,CAB01-JKT,,,MDN-PAR,J-26-0210-11,2028-02-10,,27,27,0,0,0,False,Transfer,3206529,receiving_detail.xlsx,2026-09,2026-09-03T06:40:33.737466,2026-09-03T06:40:33.737466
2026-03-13,Transfer,Transfer Receipt,PTR-2603-0549,60000,FG-SC-002,,,2026-03-13,CAB01-JKT,,,MDN-PAR,J-26-0210-12,2028-02-10,,160,160,0,0,0,False,Transfer,3206527,receiving_detail.xlsx,2026-09,2026-09-03T06:40:33.737466,2026-09-03T06:40:33.737466
2026-03-13,Transfer,Transfer Receipt,PTR-2603-0549,60000,FG-SC-002,,,2026-03-13,CAB01-JKT,,,MDN-PAR,J-26-0210-13,2028-02-10,,961,961,0,0,0,False,Transfer,3206525,receiving_detail.xlsx,2026-09,2026-09-03T06:40:33.737466,2026-09-03T06:40:33.737466
2026-03-13,Transfer,Transfer Receipt,PTR-2603-0549,60000,FG-SC-002,,,2026-03-13,CAB01-JKT,,,MDN-PAR,J-26-0211-01,2028-02-11,,160,160,0,0,0,False,Transfer,3206523,receiving_detail.xlsx,2026-09,2026-09-03T06:40:33.737466,2026-09-03T06:40:33.737466
2026-03-13,Transfer,Transfer Receipt,PTR-2603-0549,60000,FG-SC-002,,,2026-03-13,CAB01-JKT,,,MDN-PAR,J-26-0211-02,2028-02-11,,160,160,0,0,0,False,Transfer,3206521,receiving_detail.xlsx,2026-09,2026-09-03T06:40:33.737466,2026-09-03T06:40:33.737466
2026-03-13,Transfer,Transfer Receipt,PTR-2603-0549,60000,FG-SC-002,,,2026-03-13,CAB01-JKT,,,MDN-PAR,J-26-0211-03,2028-02-11,,960,960,0,0,0,False,Transfer,3206519,receiving_detail.xlsx,2026-09,2026-09-03T06:40:33.737466,2026-09-03T06:40:33.737466
2026-03-13,Transfer,Transfer Receipt,PTR-2603-0549,60000,FG-SC-002,,,2026-03-13,CAB01-JKT,,,MDN-PAR,J-26-0211-04,2028-02-11,,960,960,0,0,0,False,Transfer,3206517,receiving_detail.xlsx,2026-09,2026-09-03T06:40:33.737466,2026-09-03T06:40:33.737466
2026-03-13,Transfer,Transfer Receipt,PTR-2603-0549,60000,FG-SC-002,,,2026-03-13,CAB01-JKT,,,MDN-PAR,J-26-0211-05,2028-02-11,,160,160,0,0,0,False,Transfer,3206515,receiving_detail.xlsx,2026-09,2026-09-03T06:40:33.737466,2026-09-03T06:40:33.737466
2026-03-13,Transfer,Transfer Receipt,PTR-2603-0549,60000,FG-SC-002,,,2026-03-13,CAB01-JKT,,,MDN-PAR,J-26-0211-06,2028-02-11,,960,960,0,0,0,False,Transfer,3206513,receiving_detail.xlsx,2026-09,2026-09-03T06:40:33.737466,2026-09-03T06:40:33.737466
2026-03-13,Transfer,Transfer Receipt,PTR-2603-0549,60000,FG-SC-002,,,2026-03-13,CAB01-JKT,,,MDN-PAR,J-26-0211-07,2028-02-11,,160,160,0,0,0,False,Transfer,3206511,receiving_detail.xlsx,2026-09,2026-09-03T06:40:33.737466,2026-09-03T06:40:33.737466
2026-03-13,Transfer,Transfer Receipt,PTR-2603-0549,60000,FG-SC-002,,,2026-03-13,CAB01-JKT,,,MDN-PAR,J-26-0211-08,2028-02-11,,160,160,0,0,0,False,Transfer,3206509,receiving_detail.xlsx,2026-09,2026-09-03T06:40:33.737466,2026-09-03T06:40:33.737466
2026-03-13,Transfer,Transfer Receipt,PTR-2603-0549,60000,FG-SC-002,,,2026-03-13,CAB01-JKT,,,MDN-PAR,J-26-0211-09,2028-02-11,,931,931,0,0,0,False,Transfer,3206507,receiving_detail.xlsx,2026-09,2026-09-03T06:40:33.737466,2026-09-03T06:40:33.737466
2026-03-13,Transfer,Transfer Receipt,PTR-2603-0549,50000,7751-13-PDO-B,,,2026-03-13,CAB01-JKT,,,MDN-PAR,OBAL-00110.,9999-12-31,,1080,1080,1080,0,0,True,Transfer,3206505,receiving_detail.xlsx,2026-09,2026-09-03T06:40:33.737466,2026-09-03T06:40:33.737466
2026-03-13,Transfer,Transfer Receipt,PTR-2603-0549,50000,7751-13-PDO-B,,,2026-03-13,CAB01-JKT,,,MDN-PAR,OBAL-00110.,9999-12-31,,120,120,120,0,0,True,Transfer,3206504,receiving_detail.xlsx,2026-09,2026-09-03T06:40:33.737466,2026-09-03T06:40:33.737466
2026-03-13,Transfer,Transfer Receipt,PTR-2603-0549,40000,7751-12-PDO-PINK,,,2026-03-13,CAB01-JKT,,,MDN-PAR,33499960,9999-12-31,,4800,4800,3360,0,0,True,Transfer,3206502,receiving_detail.xlsx,2026-09,2026-09-03T06:40:33.737466,2026-09-03T06:40:33.737466
2026-03-13,Transfer,Transfer Receipt,PTR-2603-0549,30000,7702-49 PDL-PPINK,,,2026-03-13,CAB01-JKT,,,MDN-PAR,34183717,9999-12-31,,12000,12000,6000,0,0,True,Transfer,3206500,receiving_detail.xlsx,2026-09,2026-09-03T06:40:33.737466,2026-09-03T06:40:33.737466
2026-03-13,Transfer,Transfer Receipt,PTR-2603-0549,20000,7701-49 PDL-PBLUE,,,2026-03-13,CAB01-JKT,,,MDN-PAR,33078007,9999-12-31,,3800,3800,3800,0,0,True,Transfer,3206498,receiving_detail.xlsx,2026-09,2026-09-03T06:40:33.737466,2026-09-03T06:40:33.737466
2026-03-13,Transfer,Transfer Receipt,PTR-2603-0549,20000,7701-49 PDL-PBLUE,,,2026-03-13,CAB01-JKT,,,MDN-PAR,33049788,9999-12-31,,1200,1200,1200,0,0,True,Transfer,3206496,receiving_detail.xlsx,2026-09,2026-09-03T06:40:33.737466,2026-09-03T06:40:33.737466
2026-03-13,Transfer,Transfer Receipt,PTR-2603-0549,20000,7701-49 PDL-PBLUE,,,2026-03-13,CAB01-JKT,,,MDN-PAR,32777484,9999-12-31,,1600,1600,400,0,0,True,Transfer,3206494,receiving_detail.xlsx,2026-09,2026-09-03T06:40:33.737466,2026-09-03T06:40:33.737466
2026-03-13,Transfer,Transfer Receipt,PTR-2603-0549,20000,7701-49 PDL-PBLUE,,,2026-03-13,CAB01-JKT,,,MDN-PAR,32701491,9999-12-31,,800,800,0,0,0,False,Transfer,3206492,receiving_detail.xlsx,2026-09,2026-09-03T06:40:33.737466,2026-09-03T06:40:33.737466
2026-03-13,Transfer,Transfer Receipt,PTR-2603-0549,20000,7701-49 PDL-PBLUE,,,2026-03-13,CAB01-JKT,,,MDN-PAR,32701491,9999-12-31,,400,400,0,0,0,False,Transfer,3206491,receiving_detail.xlsx,2026-09,2026-09-03T06:40:33.737466,2026-09-03T06:40:33.737466
2026-03-13,Transfer,Transfer Receipt,PTR-2603-0549,20000,7701-49 PDL-PBLUE,,,2026-03-13,CAB01-JKT,,,MDN-PAR,32701491,9999-12-31,,400,400,0,0,0,False,Transfer,3206490,receiving_detail.xlsx,2026-09,2026-09-03T06:40:33.737466,2026-09-03T06:40:33.737466
2026-03-13,Transfer,Transfer Receipt,PTR-2603-0549,20000,7701-49 PDL-PBLUE,,,2026-03-13,CAB01-JKT,,,MDN-PAR,32701491,9999-12-31,,3800,3800,0,0,0,False,Transfer,3206489,receiving_detail.xlsx,2026-09,2026-09-03T06:40:33.737466,2026-09-03T06:40:33.737466
2026-03-13,Transfer,Transfer Receipt,PTR-2603-0549,10000,LDT-2.2-3-8W,,,2026-03-13,CAB01-JKT,,,MDN-PAR,34693826,9999-12-31,,210,210,0,0,0,False,Transfer,3206487,receiving_detail.xlsx,2026-09,2026-09-03T06:40:33.737466,2026-09-03T06:40:33.737466
2026-03-11,Transfer,Transfer Receipt,PTR-2603-0429,10000,PTMC-26,,,2026-03-11,CAB01-JKT,,,MDN-PAR,250623,2027-06-23,,1,1,0,0,0,False,Transfer,3201257,receiving_detail.xlsx,2026-09,2026-09-03T06:40:33.737466,2026-09-03T06:40:33.737466
2026-03-10,Transfer,Transfer Receipt,PTR-2603-0340,10000,AK1-10L,,,2026-03-10,CAB01-JKT,,,MDN-PAR,J-26-0123-7,2028-01-23,,50,50,0,0,0,False,Transfer,3197061,receiving_detail.xlsx,2026-09,2026-09-03T06:40:33.737466,2026-09-03T06:40:33.737466
2026-03-10,Transfer,Transfer Receipt,PTR-2603-0340,10000,AK1-10L,,,2026-03-10,CAB01-JKT,,,MDN-PAR,J-26-0124-7,2028-01-24,,600,600,0,0,0,False,Transfer,3197059,receiving_detail.xlsx,2026-09,2026-09-03T06:40:33.737466,2026-09-03T06:40:33.737466
2026-03-10,Transfer,Transfer Receipt,PTR-2603-0340,10000,AK1-10L,,,2026-03-10,CAB01-JKT,,,MDN-PAR,J-26-0124-2,2028-01-24,,600,600,0,0,0,False,Transfer,3197057,receiving_detail.xlsx,2026-09,2026-09-03T06:40:33.737466,2026-09-03T06:40:33.737466
2026-03-10,Transfer,Transfer Receipt,PTR-2603-0340,10000,AK1-10L,,,2026-03-10,CAB01-JKT,,,MDN-PAR,J-26-0124-1,2028-01-24,,600,600,0,0,0,False,Transfer,3197055,receiving_detail.xlsx,2026-09,2026-09-03T06:40:33.737466,2026-09-03T06:40:33.737466
2026-03-09,Transfer,Transfer Receipt,PTR-2603-0300,10000,AK1-10L,,,2026-03-09,CAB01-JKT,,,MDN-PAR,J-26-0123-7,2028-01-23,,237,237,0,0,0,False,Transfer,3195164,receiving_detail.xlsx,2026-09,2026-09-03T06:40:33.737466,2026-09-03T06:40:33.737466
2026-03-09,Transfer,Transfer Receipt,PTR-2603-0300,10000,AK1-10L,,,2026-03-09,CAB01-JKT,,,MDN-PAR,J-26-0123-2,2028-01-23,,641,641,0,0,0,False,Transfer,3195162,receiving_detail.xlsx,2026-09,2026-09-03T06:40:33.737466,2026-09-03T06:40:33.737466
2026-03-09,Transfer,Transfer Receipt,PTR-2603-0300,10000,AK1-10L,,,2026-03-09,CAB01-JKT,,,MDN-PAR,J-26-0123-5,2028-01-23,,341,341,0,0,0,False,Transfer,3195160,receiving_detail.xlsx,2026-09,2026-09-03T06:40:33.737466,2026-09-03T06:40:33.737466
2026-03-09,Transfer,Transfer Receipt,PTR-2603-0300,10000,AK1-10L,,,2026-03-09,CAB01-JKT,,,MDN-PAR,J-26-0123-1,2028-01-23,,631,631,0,0,0,False,Transfer,3195158,receiving_detail.xlsx,2026-09,2026-09-03T06:40:33.737466,2026-09-03T06:40:33.737466
2026-03-09,Transfer,Transfer Receipt,PTR-2603-0253,40000,A016-R-V604R,,,2026-03-09,CAB01-JKT,,,MDN-PAR,26A27L5J,2030-12-31,,3784,3784,0,0,0,False,Transfer,3192978,receiving_detail.xlsx,2026-09,2026-09-03T06:40:33.737466,2026-09-03T06:40:33.737466
2026-03-09,Transfer,Transfer Receipt,PTR-2603-0253,30000,DS50LS-R-N,,,2026-03-09,CAB01-JKT,,,MDN-PAR,26A0801J,2030-12-31,,10800,10800,10800,0,0,True,Transfer,3192976,receiving_detail.xlsx,2026-09,2026-09-03T06:40:33.737466,2026-09-03T06:40:33.737466
2026-03-09,Transfer,Transfer Receipt,PTR-2603-0253,20000,DS10L2138R-N,,,2026-03-09,CAB01-JKT,,,MDN-PAR,26A0410J,2030-12-31,,100000,100000,100000,0,0,True,Transfer,3192974,receiving_detail.xlsx,2026-09,2026-09-03T06:40:33.737466,2026-09-03T06:40:33.737466
2026-03-09,Transfer,Transfer Receipt,PTR-2603-0253,10000,DS03L2332R-N,,,2026-03-09,CAB01-JKT,,,MDN-PAR,26A1702J,2030-12-31,,40800,40800,40800,0,0,True,Transfer,3192972,receiving_detail.xlsx,2026-09,2026-09-03T06:40:33.737466,2026-09-03T06:40:33.737466
2026-03-09,Transfer,Transfer Receipt,PTR-2603-0253,10000,DS03L2332R-N,,,2026-03-09,CAB01-JKT,,,MDN-PAR,26A1502J,2030-12-31,,79200,79200,79200,0,0,True,Transfer,3192970,receiving_detail.xlsx,2026-09,2026-09-03T06:40:33.737466,2026-09-03T06:40:33.737466
2026-03-04,Transfer,Transfer Receipt,PTR-2603-0145,10000,AK1-10L,,,2026-03-04,CAB01-JKT,,,MDN-PAR,J-26-0112-1,2028-01-12,,251,251,0,0,0,False,Transfer,3186930,receiving_detail.xlsx,2026-09,2026-09-03T06:40:33.737466,2026-09-03T06:40:33.737466
2026-03-04,Transfer,Transfer Receipt,PTR-2603-0145,10000,AK1-10L,,,2026-03-04,CAB01-JKT,,,MDN-PAR,J-26-0110-2,2028-01-10,,641,641,0,0,0,False,Transfer,3186928,receiving_detail.xlsx,2026-09,2026-09-03T06:40:33.737466,2026-09-03T06:40:33.737466
2026-03-04,Transfer,Transfer Receipt,PTR-2603-0145,10000,AK1-10L,,,2026-03-04,CAB01-JKT,,,MDN-PAR,J-26-0110-1,2028-01-10,,320,320,0,0,0,False,Transfer,3186926,receiving_detail.xlsx,2026-09,2026-09-03T06:40:33.737466,2026-09-03T06:40:33.737466
2026-03-04,Transfer,Transfer Receipt,PTR-2603-0145,10000,AK1-10L,,,2026-03-04,CAB01-JKT,,,MDN-PAR,J-26-0110-4,2028-01-10,,638,638,0,0,0,False,Transfer,3186924,receiving_detail.xlsx,2026-09,2026-09-03T06:40:33.737466,2026-09-03T06:40:33.737466
2026-03-03,Transfer,Transfer Receipt,PTR-2603-0077,80000,PR-325278-KIT,,,2026-03-03,CAB01-JKT,,,MDN-PAR,F053065H.,9999-12-31,,4,4,0,0,0,False,Transfer,3183294,receiving_detail.xlsx,2026-09,2026-09-03T06:40:33.737466,2026-09-03T06:40:33.737466
2026-03-03,Transfer,Transfer Receipt,PTR-2603-0077,80000,PR-325278-KIT,,,2026-03-03,CAB01-JKT,,,MDN-PAR,F053065H.,9999-12-31,,11,11,0,0,0,False,Transfer,3183293,receiving_detail.xlsx,2026-09,2026-09-03T06:40:33.737466,2026-09-03T06:40:33.737466
2026-03-03,Transfer,Transfer Receipt,PTR-2603-0077,80000,PR-325278-KIT,,,2026-03-03,CAB01-JKT,,,MDN-PAR,F053065H.,9999-12-31,,5,5,0,0,0,False,Transfer,3183292,receiving_detail.xlsx,2026-09,2026-09-03T06:40:33.737466,2026-09-03T06:40:33.737466
2026-03-03,Transfer,Transfer Receipt,PTR-2603-0077,70000,7751T-PDO-13-BLUE,,,2026-03-03,CAB01-JKT,,,MDN-PAR,33500022,9999-12-31,,1200,1200,0,0,0,False,Transfer,3183290,receiving_detail.xlsx,2026-09,2026-09-03T06:40:33.737466,2026-09-03T06:40:33.737466
2026-03-03,Transfer,Transfer Receipt,PTR-2603-0077,60000,DS03L2425R-N,,,2026-03-03,CAB01-JKT,,,MDN-PAR,25K0402J,2030-10-31,,9600,9600,9300,0,0,True,Transfer,3183288,receiving_detail.xlsx,2026-09,2026-09-03T06:40:33.737466,2026-09-03T06:40:33.737466
2026-03-03,Transfer,Transfer Receipt,PTR-2603-0077,40000,HD PACK-2B,,,2026-03-03,CAB01-JKT,,,MDN-PAR,OP3/5285,2031-01-31,,250,250,0,0,0,False,Transfer,3183286,receiving_detail.xlsx,2026-09,2026-09-03T06:40:33.737466,2026-09-03T06:40:33.737466
2026-03-03,Transfer,Transfer Receipt,PTR-2603-0076,40000,ELISIO1-13H,,,2026-03-03,CAB01-JKT,,,MDN-PAR,25K22DHR,2028-10-31,,1200,1200,616,0,0,True,Transfer,3183260,receiving_detail.xlsx,2026-09,2026-09-03T06:40:33.737466,2026-09-03T06:40:33.737466
2026-03-03,Transfer,Transfer Receipt,PTR-2603-0076,30000,FG-SC-002,,,2026-03-03,CAB01-JKT,,,MDN-PAR,J-26-0202-06,2028-02-02,,833,833,0,0,0,False,Transfer,3183258,receiving_detail.xlsx,2026-09,2026-09-03T06:40:33.737466,2026-09-03T06:40:33.737466
2026-03-03,Transfer,Transfer Receipt,PTR-2603-0076,30000,FG-SC-002,,,2026-03-03,CAB01-JKT,,,MDN-PAR,J-26-0202-05,2028-02-02,,61,61,0,0,0,False,Transfer,3183256,receiving_detail.xlsx,2026-09,2026-09-03T06:40:33.737466,2026-09-03T06:40:33.737466
2026-03-03,Transfer,Transfer Receipt,PTR-2603-0076,30000,FG-SC-002,,,2026-03-03,CAB01-JKT,,,MDN-PAR,J-26-0202-04,2028-02-02,,861,861,0,0,0,False,Transfer,3183254,receiving_detail.xlsx,2026-09,2026-09-03T06:40:33.737466,2026-09-03T06:40:33.737466
2026-03-03,Transfer,Transfer Receipt,PTR-2603-0076,30000,FG-SC-002,,,2026-03-03,CAB01-JKT,,,MDN-PAR,J-26-0202-03,2028-02-02,,861,861,0,0,0,False,Transfer,3183252,receiving_detail.xlsx,2026-09,2026-09-03T06:40:33.737466,2026-09-03T06:40:33.737466
2026-03-03,Transfer,Transfer Receipt,PTR-2603-0076,30000,FG-SC-002,,,2026-03-03,CAB01-JKT,,,MDN-PAR,J-26-0202-02,2028-02-02,,61,61,0,0,0,False,Transfer,3183250,receiving_detail.xlsx,2026-09,2026-09-03T06:40:33.737466,2026-09-03T06:40:33.737466
2026-03-03,Transfer,Transfer Receipt,PTR-2603-0076,30000,FG-SC-002,,,2026-03-03,CAB01-JKT,,,MDN-PAR,J-26-0202-01,2028-02-02,,861,861,0,0,0,False,Transfer,3183248,receiving_detail.xlsx,2026-09,2026-09-03T06:40:33.737466,2026-09-03T06:40:33.737466
2026-03-03,Transfer,Transfer Receipt,PTR-2603-0076,30000,FG-SC-002,,,2026-03-03,CAB01-JKT,,,MDN-PAR,J-26-0131-05,2028-01-31,,861,861,0,0,0,False,Transfer,3183246,receiving_detail.xlsx,2026-09,2026-09-03T06:40:33.737466,2026-09-03T06:40:33.737466
2026-03-03,Transfer,Transfer Receipt,PTR-2603-0076,30000,FG-SC-002,,,2026-03-03,CAB01-JKT,,,MDN-PAR,J-26-0131-04,2028-01-31,,61,61,0,0,0,False,Transfer,3183244,receiving_detail.xlsx,2026-09,2026-09-03T06:40:33.737466,2026-09-03T06:40:33.737466
2026-03-03,Transfer,Transfer Receipt,PTR-2603-0076,30000,FG-SC-002,,,2026-03-03,CAB01-JKT,,,MDN-PAR,J-26-0131-03,2028-01-31,,861,861,0,0,0,False,Transfer,3183242,receiving_detail.xlsx,2026-09,2026-09-03T06:40:33.737466,2026-09-03T06:40:33.737466
2026-03-03,Transfer,Transfer Receipt,PTR-2603-0076,30000,FG-SC-002,,,2026-03-03,CAB01-JKT,,,MDN-PAR,J-26-0131-02,2028-01-31,,861,861,0,0,0,False,Transfer,3183240,receiving_detail.xlsx,2026-09,2026-09-03T06:40:33.737466,2026-09-03T06:40:33.737466
2026-03-03,Transfer,Transfer Receipt,PTR-2603-0076,30000,FG-SC-002,,,2026-03-03,CAB01-JKT,,,MDN-PAR,J-26-0131-01,2028-01-31,,61,61,0,0,0,False,Transfer,3183238,receiving_detail.xlsx,2026-09,2026-09-03T06:40:33.737466,2026-09-03T06:40:33.737466
2026-03-03,Transfer,Transfer Receipt,PTR-2603-0076,30000,FG-SC-002,,,2026-03-03,CAB01-JKT,,,MDN-PAR,J-26-0130-13,2028-01-30,,861,861,0,0,0,False,Transfer,3183236,receiving_detail.xlsx,2026-09,2026-09-03T06:40:33.737466,2026-09-03T06:40:33.737466
2026-03-03,Transfer,Transfer Receipt,PTR-2603-0076,30000,FG-SC-002,,,2026-03-03,CAB01-JKT,,,MDN-PAR,J-26-0130-12,2028-01-30,,96,96,0,0,0,False,Transfer,3183234,receiving_detail.xlsx,2026-09,2026-09-03T06:40:33.737466,2026-09-03T06:40:33.737466
2026-03-03,Transfer,Transfer Receipt,PTR-2603-0076,20000,ELISIO1-15H,,,2026-03-03,CAB01-JKT,,,MDN-PAR,25K21CHR,2028-10-31,,689,689,0,0,0,False,Transfer,3183232,receiving_detail.xlsx,2026-09,2026-09-03T06:40:33.737466,2026-09-03T06:40:33.737466
2026-03-03,Transfer,Transfer Receipt,PTR-2603-0076,20000,ELISIO1-15H,,,2026-03-03,CAB01-JKT,,,MDN-PAR,25K21CHR,2028-10-31,,4111,4111,0,0,0,False,Transfer,3183231,receiving_detail.xlsx,2026-09,2026-09-03T06:40:33.737466,2026-09-03T06:40:33.737466
2026-03-03,Transfer,Transfer Receipt,PTR-2603-0076,10000,LDT-2.2-3-8W,,,2026-03-03,CAB01-JKT,,,MDN-PAR,34550985,9999-12-31,,45,45,0,0,0,False,Transfer,3183229,receiving_detail.xlsx,2026-09,2026-09-03T06:40:33.737466,2026-09-03T06:40:33.737466
2026-02-25,Transfer,Transfer Receipt,PTR-2602-0899,20000,7701-49 PDL-PBLUE,,,2026-02-25,CAB01-JKT,,,MDN-PAR,32701491,9999-12-31,,2400,2400,0,0,0,False,Transfer,3174581,receiving_detail.xlsx,2026-09,2026-09-03T06:40:33.737466,2026-09-03T06:40:33.737466
2026-02-25,Transfer,Transfer Receipt,PTR-2602-0899,10000,7751-13-PDO-B,,,2026-02-25,CAB01-JKT,,,MDN-PAR,OBAL-00110.,9999-12-31,,720,720,240,0,0,True,Transfer,3174579,receiving_detail.xlsx,2026-09,2026-09-03T06:40:33.737466,2026-09-03T06:40:33.737466
2026-02-25,Transfer,Transfer Receipt,PTR-2602-0899,10000,7751-13-PDO-B,,,2026-02-25,CAB01-JKT,,,MDN-PAR,OBAL-00100,9999-12-31,,240,240,0,0,0,False,Transfer,3174577,receiving_detail.xlsx,2026-09,2026-09-03T06:40:33.737466,2026-09-03T06:40:33.737466
2026-02-25,Transfer,Transfer Receipt,PTR-2602-0898,10000,AK1-10L,,,2026-02-25,CAB01-JKT,,,MDN-PAR,J-25-1111-5,2027-11-11,,50,50,0,0,0,False,Transfer,3174566,receiving_detail.xlsx,2026-09,2026-09-03T06:40:33.737466,2026-09-03T06:40:33.737466
2026-02-25,Transfer,Transfer Receipt,PTR-2602-0898,10000,AK1-10L,,,2026-02-25,CAB01-JKT,,,MDN-PAR,J-25-1211-2,2027-12-11,,600,600,0,0,0,False,Transfer,3174564,receiving_detail.xlsx,2026-09,2026-09-03T06:40:33.737466,2026-09-03T06:40:33.737466
2026-02-25,Transfer,Transfer Receipt,PTR-2602-0898,10000,AK1-10L,,,2026-02-25,CAB01-JKT,,,MDN-PAR,J-25-1206-1,2027-12-06,,600,600,0,0,0,False,Transfer,3174562,receiving_detail.xlsx,2026-09,2026-09-03T06:40:33.737466,2026-09-03T06:40:33.737466
2026-02-25,Transfer,Transfer Receipt,PTR-2602-0898,10000,AK1-10L,,,2026-02-25,CAB01-JKT,,,MDN-PAR,J-25-1206-3,2027-12-06,,600,600,0,0,0,False,Transfer,3174560,receiving_detail.xlsx,2026-09,2026-09-03T06:40:33.737466,2026-09-03T06:40:33.737466
2026-02-24,Transfer,Transfer Receipt,PTR-2602-0854,20000,AK1-10L,,,2026-02-24,CAB01-JKT,,,MDN-PAR,J-25-1211-7,2027-12-11,,600,600,0,0,0,False,Transfer,3172759,receiving_detail.xlsx,2026-09,2026-09-03T06:40:33.737466,2026-09-03T06:40:33.737466
2026-02-24,Transfer,Transfer Receipt,PTR-2602-0854,20000,AK1-10L,,,2026-02-24,CAB01-JKT,,,MDN-PAR,J-25-1211-4,2027-12-11,,600,600,0,0,0,False,Transfer,3172757,receiving_detail.xlsx,2026-09,2026-09-03T06:40:33.737466,2026-09-03T06:40:33.737466
2026-02-24,Transfer,Transfer Receipt,PTR-2602-0854,10000,AK10L,,,2026-02-24,CAB01-JKT,,,MDN-PAR,J-25-0901-4,2027-09-01,,66,66,0,0,0,False,Transfer,3172755,receiving_detail.xlsx,2026-09,2026-09-03T06:40:33.737466,2026-09-03T06:40:33.737466
2026-02-24,Transfer,Transfer Receipt,PTR-2602-0854,10000,AK10L,,,2026-02-24,CAB01-JKT,,,MDN-PAR,J-25-0902-4,2027-09-02,,605,605,0,0,0,False,Transfer,3172753,receiving_detail.xlsx,2026-09,2026-09-03T06:40:33.737466,2026-09-03T06:40:33.737466
2026-02-23,Transfer,Transfer Receipt,PTR-2602-0792,30000,AK1-10L,,,2026-02-23,CAB01-JKT,,,MDN-PAR,J-25-1210-7,2027-12-10,,450,450,0,0,0,False,Transfer,3170103,receiving_detail.xlsx,2026-09,2026-09-03T06:40:33.737466,2026-09-03T06:40:33.737466
2026-02-23,Transfer,Transfer Receipt,PTR-2602-0792,20000,AK10L,,,2026-02-23,CAB01-JKT,,,MDN-PAR,J-25-0904-3,2027-09-04,,61,61,0,0,0,False,Transfer,3170101,receiving_detail.xlsx,2026-09,2026-09-03T06:40:33.737466,2026-09-03T06:40:33.737466
2026-02-23,Transfer,Transfer Receipt,PTR-2602-0792,20000,AK10L,,,2026-02-23,CAB01-JKT,,,MDN-PAR,J-25-0903-6,2027-09-03,,439,439,0,0,0,False,Transfer,3170099,receiving_detail.xlsx,2026-09,2026-09-03T06:40:33.737466,2026-09-03T06:40:33.737466
2026-02-23,Transfer,Transfer Receipt,PTR-2602-0792,10000,AT10L,,,2026-02-23,CAB01-JKT,,,MDN-PAR,J-25-0915-1,2026-09-15,,195,195,0,0,0,False,Transfer,3170097,receiving_detail.xlsx,2026-09,2026-09-03T06:40:33.737466,2026-09-03T06:40:33.737466
2026-02-23,Transfer,Transfer Receipt,PTR-2602-0792,10000,AT10L,,,2026-02-23,CAB01-JKT,,,MDN-PAR,J-25-0913-6,2026-09-13,,38,38,0,0,0,False,Transfer,3170095,receiving_detail.xlsx,2026-09,2026-09-03T06:40:33.737466,2026-09-03T06:40:33.737466
2026-02-23,Transfer,Transfer Receipt,PTR-2602-0792,10000,AT10L,,,2026-02-23,CAB01-JKT,,,MDN-PAR,J-25-0915-7,2026-09-15,,103,103,0,0,0,False,Transfer,3170093,receiving_detail.xlsx,2026-09,2026-09-03T06:40:33.737466,2026-09-03T06:40:33.737466
2026-02-23,Transfer,Transfer Receipt,PTR-2602-0792,10000,AT10L,,,2026-02-23,CAB01-JKT,,,MDN-PAR,J-25-0914-4,2026-09-14,,26,26,0,0,0,False,Transfer,3170091,receiving_detail.xlsx,2026-09,2026-09-03T06:40:33.737466,2026-09-03T06:40:33.737466
2026-02-23,Transfer,Transfer Receipt,PTR-2602-0792,10000,AT10L,,,2026-02-23,CAB01-JKT,,,MDN-PAR,J-25-0915-2,2026-09-15,,638,638,0,0,0,False,Transfer,3170089,receiving_detail.xlsx,2026-09,2026-09-03T06:40:33.737466,2026-09-03T06:40:33.737466
2026-02-18,Transfer,Transfer Receipt,PTR-2602-0616,120000,LDT-2.1-1-4W,,,2026-02-18,CAB01-JKT,,,MDN-PAR,3317533,9999-12-31,,104,104,0,0,0,False,Transfer,3162741,receiving_detail.xlsx,2026-09,2026-09-03T06:40:33.737466,2026-09-03T06:40:33.737466
2026-02-18,Transfer,Transfer Receipt,PTR-2602-0616,120000,LDT-2.1-1-4W,,,2026-02-18,CAB01-JKT,,,MDN-PAR,3317533,9999-12-31,,280,280,0,0,0,False,Transfer,3162740,receiving_detail.xlsx,2026-09,2026-09-03T06:40:33.737466,2026-09-03T06:40:33.737466
2026-02-18,Transfer,Transfer Receipt,PTR-2602-0616,110000,JM-ACSWAB-ISOPRO70,,,2026-02-18,CAB01-JKT,,,MDN-PAR,016.009.001.,2028-09-24,,2000,2000,394,0,0,True,Transfer,3162738,receiving_detail.xlsx,2026-09,2026-09-03T06:40:33.737466,2026-09-03T06:40:33.737466
2026-02-18,Transfer,Transfer Receipt,PTR-2602-0616,100000,ELISIO1-13H,,,2026-02-18,CAB01-JKT,,,MDN-PAR,25K19DHR,2028-10-31,,2400,2400,0,0,0,False,Transfer,3162736,receiving_detail.xlsx,2026-09,2026-09-03T06:40:33.737466,2026-09-03T06:40:33.737466
2026-02-18,Transfer,Transfer Receipt,PTR-2602-0616,80000,7701-49 PDL-PBLUE,,,2026-02-18,CAB01-JKT,,,MDN-PAR,32701491,9999-12-31,,2400,2400,0,0,0,False,Transfer,3162734,receiving_detail.xlsx,2026-09,2026-09-03T06:40:33.737466,2026-09-03T06:40:33.737466
2026-02-18,Transfer,Transfer Receipt,PTR-2602-0616,70000,ELISIO1-15H,,,2026-02-18,CAB01-JKT,,,MDN-PAR,25I07DHR,2028-08-31,,4800,4800,0,0,0,False,Transfer,3162732,receiving_detail.xlsx,2026-09,2026-09-03T06:40:33.737466,2026-09-03T06:40:33.737466
2026-02-18,Transfer,Transfer Receipt,PTR-2602-0616,60000,NIC2425-N-E,,,2026-02-18,CAB01-JKT,,,MDN-PAR,24A0906J,2028-12-30,,1555,1555,1555,0,0,True,Transfer,3162730,receiving_detail.xlsx,2026-09,2026-09-03T06:40:33.737466,2026-09-03T06:40:33.737466
2026-02-18,Transfer,Transfer Receipt,PTR-2602-0616,60000,NIC2425-N-E,,,2026-02-18,CAB01-JKT,,,MDN-PAR,24A0906J,2028-12-30,,2445,2445,695,0,0,True,Transfer,3162729,receiving_detail.xlsx,2026-09,2026-09-03T06:40:33.737466,2026-09-03T06:40:33.737466
2026-02-18,Transfer,Transfer Receipt,PTR-2602-0616,50000,NIC2032-N-E,,,2026-02-18,CAB01-JKT,,,MDN-PAR,25E1406J,2030-04-30,,20000,20000,20000,0,0,True,Transfer,3162727,receiving_detail.xlsx,2026-09,2026-09-03T06:40:33.737466,2026-09-03T06:40:33.737466
2026-02-18,Transfer,Transfer Receipt,PTR-2602-0616,40000,NIC2025-N-E,,,2026-02-18,CAB01-JKT,,,MDN-PAR,25H1406J,2030-07-31,,6000,6000,0,0,0,False,Transfer,3162725,receiving_detail.xlsx,2026-09,2026-09-03T06:40:33.737466,2026-09-03T06:40:33.737466
2026-02-18,Transfer,Transfer Receipt,PTR-2602-0616,30000,NIC1832-N-E,,,2026-02-18,CAB01-JKT,,,MDN-PAR,25G1106J,2030-06-30,,6000,6000,0,0,0,False,Transfer,3162723,receiving_detail.xlsx,2026-09,2026-09-03T06:40:33.737466,2026-09-03T06:40:33.737466
2026-02-18,Transfer,Transfer Receipt,PTR-2602-0616,30000,NIC1832-N-E,,,2026-02-18,CAB01-JKT,,,MDN-PAR,24F1006J,2029-05-31,,50,50,0,0,0,False,Transfer,3162721,receiving_detail.xlsx,2026-09,2026-09-03T06:40:33.737466,2026-09-03T06:40:33.737466
2026-02-18,Transfer,Transfer Receipt,PTR-2602-0616,30000,NIC1832-N-E,,,2026-02-18,CAB01-JKT,,,MDN-PAR,24F1006J,2029-05-31,,200,200,0,0,0,False,Transfer,3162720,receiving_detail.xlsx,2026-09,2026-09-03T06:40:33.737466,2026-09-03T06:40:33.737466
2026-02-18,Transfer,Transfer Receipt,PTR-2602-0616,30000,NIC1832-N-E,,,2026-02-18,CAB01-JKT,,,MDN-PAR,24F1006J,2029-05-31,,200,200,0,0,0,False,Transfer,3162719,receiving_detail.xlsx,2026-09,2026-09-03T06:40:33.737466,2026-09-03T06:40:33.737466
2026-02-18,Transfer,Transfer Receipt,PTR-2602-0616,30000,NIC1832-N-E,,,2026-02-18,CAB01-JKT,,,MDN-PAR,24F1006J,2029-05-31,,60,60,0,0,0,False,Transfer,3162718,receiving_detail.xlsx,2026-09,2026-09-03T06:40:33.737466,2026-09-03T06:40:33.737466
2026-02-18,Transfer,Transfer Receipt,PTR-2602-0616,30000,NIC1832-N-E,,,2026-02-18,CAB01-JKT,,,MDN-PAR,24F1006J,2029-05-31,,3490,3490,0,0,0,False,Transfer,3162717,receiving_detail.xlsx,2026-09,2026-09-03T06:40:33.737466,2026-09-03T06:40:33.737466
2026-02-18,Transfer,Transfer Receipt,PTR-2602-0616,20000,DS50LS-R-N,,,2026-02-18,CAB01-JKT,,,MDN-PAR,25K0701J,2030-10-31,,23040,23040,1516,0,0,True,Transfer,3162715,receiving_detail.xlsx,2026-09,2026-09-03T06:40:33.737466,2026-09-03T06:40:33.737466
2026-02-18,Transfer,Transfer Receipt,PTR-2602-0616,10000,DS50CT-R-N,,,2026-02-18,CAB01-JKT,,,MDN-PAR,25K1401J.,2030-10-31,,12960,12960,6452,0,0,True,Transfer,3162713,receiving_detail.xlsx,2026-09,2026-09-03T06:40:33.737466,2026-09-03T06:40:33.737466
2026-02-18,Transfer,Transfer Receipt,PTR-2602-0615,10000,AK1-10L,,,2026-02-18,CAB01-JKT,,,MDN-PAR,J-25-1124-6,2027-11-24,,600,600,0,0,0,False,Transfer,3162707,receiving_detail.xlsx,2026-09,2026-09-03T06:40:33.737466,2026-09-03T06:40:33.737466
2026-02-18,Transfer,Transfer Receipt,PTR-2602-0615,10000,AK1-10L,,,2026-02-18,CAB01-JKT,,,MDN-PAR,J-25-1120-1,2027-11-20,,31,31,0,0,0,False,Transfer,3162705,receiving_detail.xlsx,2026-09,2026-09-03T06:40:33.737466,2026-09-03T06:40:33.737466
2026-02-18,Transfer,Transfer Receipt,PTR-2602-0615,10000,AK1-10L,,,2026-02-18,CAB01-JKT,,,MDN-PAR,J-25-1118-3,2027-11-18,,427,427,0,0,0,False,Transfer,3162703,receiving_detail.xlsx,2026-09,2026-09-03T06:40:33.737466,2026-09-03T06:40:33.737466
2026-02-18,Transfer,Transfer Receipt,PTR-2602-0615,10000,AK1-10L,,,2026-02-18,CAB01-JKT,,,MDN-PAR,J-25-1115-1,2027-11-15,,192,192,0,0,0,False,Transfer,3162701,receiving_detail.xlsx,2026-09,2026-09-03T06:40:33.737466,2026-09-03T06:40:33.737466
2026-02-18,Transfer,Transfer Receipt,PTR-2602-0615,10000,AK1-10L,,,2026-02-18,CAB01-JKT,,,MDN-PAR,J-25-1115-3,2027-11-15,,600,600,0,0,0,False,Transfer,3162699,receiving_detail.xlsx,2026-09,2026-09-03T06:40:33.737466,2026-09-03T06:40:33.737466
2026-02-16,Transfer,Transfer Receipt,PTR-2602-0559,30000,A016-R-V604R,,,2026-02-16,CAB01-JKT,,,MDN-PAR,26A19L5J,2030-12-31,,5896,5896,0,0,0,False,Transfer,3160038,receiving_detail.xlsx,2026-09,2026-09-03T06:40:33.737466,2026-09-03T06:40:33.737466
2026-02-16,Transfer,Transfer Receipt,PTR-2602-0559,20000,DS03L2332R-N,,,2026-02-16,CAB01-JKT,,,MDN-PAR,25L1702J,2030-11-30,,3400,3400,3400,0,0,True,Transfer,3160036,receiving_detail.xlsx,2026-09,2026-09-03T06:40:33.737466,2026-09-03T06:40:33.737466
2026-02-16,Transfer,Transfer Receipt,PTR-2602-0559,20000,DS03L2332R-N,,,2026-02-16,CAB01-JKT,,,MDN-PAR,25L1702J,2030-11-30,,3800,3800,3800,0,0,True,Transfer,3160035,receiving_detail.xlsx,2026-09,2026-09-03T06:40:33.737466,2026-09-03T06:40:33.737466
2026-02-16,Transfer,Transfer Receipt,PTR-2602-0559,20000,DS03L2332R-N,,,2026-02-16,CAB01-JKT,,,MDN-PAR,25L1602J,2030-11-30,,112800,112800,112800,0,0,True,Transfer,3160033,receiving_detail.xlsx,2026-09,2026-09-03T06:40:33.737466,2026-09-03T06:40:33.737466
2026-02-16,Transfer,Transfer Receipt,PTR-2602-0559,10000,DS10L2138R-N,,,2026-02-16,CAB01-JKT,,,MDN-PAR,25L2310J,2030-11-30,,100000,100000,100000,0,0,True,Transfer,3160031,receiving_detail.xlsx,2026-09,2026-09-03T06:40:33.737466,2026-09-03T06:40:33.737466
2026-02-16,Transfer,Transfer Receipt,PTR-2602-0539,10000,ELISIO-11H,,,2026-02-16,,,,MDN-PAR,25K13C,2028-10-31,,48,48,0,0,0,False,Transfer,3159486,receiving_detail.xlsx,2026-09,2026-09-03T06:40:33.737466,2026-09-03T06:40:33.737466
2026-02-12,Transfer,Transfer Receipt,PTR-2602-0396,10000,AK1-10L,,,2026-02-12,CAB01-JKT,,,MDN-PAR,J-25-1120-2,2027-11-20,,150,150,0,0,0,False,Transfer,3153831,receiving_detail.xlsx,2026-09,2026-09-03T06:40:33.737466,2026-09-03T06:40:33.737466
2026-02-11,Transfer,Transfer Receipt,PTR-2602-0347,10000,FG-SC-002,,,2026-02-11,,,,MDN-PAR,J-26-0119-03,2028-01-19,,839,839,0,0,0,False,Transfer,3151588,receiving_detail.xlsx,2026-09,2026-09-03T06:40:33.737466,2026-09-03T06:40:33.737466
2026-02-11,Transfer,Transfer Receipt,PTR-2602-0347,10000,FG-SC-002,,,2026-02-11,,,,MDN-PAR,J-26-0119-02,2028-01-19,,961,961,0,0,0,False,Transfer,3151586,receiving_detail.xlsx,2026-09,2026-09-03T06:40:33.737466,2026-09-03T06:40:33.737466
2026-02-11,Transfer,Transfer Receipt,PTR-2602-0347,10000,FG-SC-002,,,2026-02-11,,,,MDN-PAR,J-26-0119-01,2028-01-19,,961,961,0,0,0,False,Transfer,3151584,receiving_detail.xlsx,2026-09,2026-09-03T06:40:33.737466,2026-09-03T06:40:33.737466
2026-02-11,Transfer,Transfer Receipt,PTR-2602-0347,10000,FG-SC-002,,,2026-02-11,,,,MDN-PAR,J-26-0117-08,2028-01-17,,961,961,0,0,0,False,Transfer,3151582,receiving_detail.xlsx,2026-09,2026-09-03T06:40:33.737466,2026-09-03T06:40:33.737466
2026-02-11,Transfer,Transfer Receipt,PTR-2602-0347,10000,FG-SC-002,,,2026-02-11,,,,MDN-PAR,J-26-0117-07,2028-01-17,,961,961,0,0,0,False,Transfer,3151580,receiving_detail.xlsx,2026-09,2026-09-03T06:40:33.737466,2026-09-03T06:40:33.737466
2026-02-11,Transfer,Transfer Receipt,PTR-2602-0347,10000,FG-SC-002,,,2026-02-11,,,,MDN-PAR,J-26-0117-06,2028-01-17,,961,961,0,0,0,False,Transfer,3151578,receiving_detail.xlsx,2026-09,2026-09-03T06:40:33.737466,2026-09-03T06:40:33.737466
2026-02-11,Transfer,Transfer Receipt,PTR-2602-0347,10000,FG-SC-002,,,2026-02-11,,,,MDN-PAR,J-26-0117-05,2028-01-17,,961,961,0,0,0,False,Transfer,3151576,receiving_detail.xlsx,2026-09,2026-09-03T06:40:33.737466,2026-09-03T06:40:33.737466
2026-02-11,Transfer,Transfer Receipt,PTR-2602-0347,10000,FG-SC-002,,,2026-02-11,,,,MDN-PAR,J-26-0117-04,2028-01-17,,961,961,0,0,0,False,Transfer,3151574,receiving_detail.xlsx,2026-09,2026-09-03T06:40:33.737466,2026-09-03T06:40:33.737466
2026-02-11,Transfer,Transfer Receipt,PTR-2602-0347,10000,FG-SC-002,,,2026-02-11,,,,MDN-PAR,J-26-0117-03,2028-01-17,,961,961,0,0,0,False,Transfer,3151572,receiving_detail.xlsx,2026-09,2026-09-03T06:40:33.737466,2026-09-03T06:40:33.737466
2026-02-11,Transfer,Transfer Receipt,PTR-2602-0347,10000,FG-SC-002,,,2026-02-11,,,,MDN-PAR,J-26-0117-02,2028-01-17,,961,961,0,0,0,False,Transfer,3151570,receiving_detail.xlsx,2026-09,2026-09-03T06:40:33.737466,2026-09-03T06:40:33.737466
2026-02-11,Transfer,Transfer Receipt,PTR-2602-0347,10000,FG-SC-002,,,2026-02-11,,,,MDN-PAR,J-26-0117-01,2028-01-17,,961,961,0,0,0,False,Transfer,3151568,receiving_detail.xlsx,2026-09,2026-09-03T06:40:33.737466,2026-09-03T06:40:33.737466
2026-02-11,Transfer,Transfer Receipt,PTR-2602-0347,10000,FG-SC-002,,,2026-02-11,,,,MDN-PAR,J-26-0115-13,2028-01-15,,961,961,0,0,0,False,Transfer,3151566,receiving_detail.xlsx,2026-09,2026-09-03T06:40:33.737466,2026-09-03T06:40:33.737466
2026-02-11,Transfer,Transfer Receipt,PTR-2602-0347,10000,FG-SC-002,,,2026-02-11,,,,MDN-PAR,J-26-0115-12,2028-01-15,,961,961,0,0,0,False,Transfer,3151564,receiving_detail.xlsx,2026-09,2026-09-03T06:40:33.737466,2026-09-03T06:40:33.737466
2026-02-11,Transfer,Transfer Receipt,PTR-2602-0347,10000,FG-SC-002,,,2026-02-11,,,,MDN-PAR,J-26-0115-11,2028-01-15,,429,429,0,0,0,False,Transfer,3151562,receiving_detail.xlsx,2026-09,2026-09-03T06:40:33.737466,2026-09-03T06:40:33.737466
2026-02-09,Transfer,Transfer Receipt,PTR-2602-0259,10000,AK1-10L,,,2026-02-09,CAB01-JKT,,,MDN-PAR,J-25-1129-4,2027-11-29,,627,627,0,0,0,False,Transfer,3147407,receiving_detail.xlsx,2026-09,2026-09-03T06:40:33.737466,2026-09-03T06:40:33.737466
2026-02-09,Transfer,Transfer Receipt,PTR-2602-0259,10000,AK1-10L,,,2026-02-09,CAB01-JKT,,,MDN-PAR,J-25-1125-3,2027-11-25,,62,62,0,0,0,False,Transfer,3147405,receiving_detail.xlsx,2026-09,2026-09-03T06:40:33.737466,2026-09-03T06:40:33.737466
2026-02-09,Transfer,Transfer Receipt,PTR-2602-0259,10000,AK1-10L,,,2026-02-09,CAB01-JKT,,,MDN-PAR,J-25-1128-7,2027-11-28,,520,520,0,0,0,False,Transfer,3147403,receiving_detail.xlsx,2026-09,2026-09-03T06:40:33.737466,2026-09-03T06:40:33.737466
2026-02-09,Transfer,Transfer Receipt,PTR-2602-0259,10000,AK1-10L,,,2026-02-09,CAB01-JKT,,,MDN-PAR,J-25-1128-6,2027-11-28,,641,641,0,0,0,False,Transfer,3147401,receiving_detail.xlsx,2026-09,2026-09-03T06:40:33.737466,2026-09-03T06:40:33.737466
2026-02-06,Transfer,Transfer Receipt,PTR-2602-0228,10000,ELISIO-11H,,,2026-02-06,,,,MDN-PAR,24L19C,2027-11-30,,48,48,0,0,0,False,Transfer,3146146,receiving_detail.xlsx,2026-09,2026-09-03T06:40:33.737466,2026-09-03T06:40:33.737466
2026-02-02,Transfer,Transfer Receipt,PTR-2602-0017,40000,A016-R-V604R,,,2026-02-02,CAB01-JKT,,,MDN-PAR,25L12L5J,2030-11-30,,4400,4400,0,0,0,False,Transfer,3135094,receiving_detail.xlsx,2026-09,2026-09-03T06:40:33.737466,2026-09-03T06:40:33.737466
2026-02-02,Transfer,Transfer Receipt,PTR-2602-0017,30000,ELISIO1-15H,,,2026-02-02,CAB01-JKT,,,MDN-PAR,25K22AHR,2028-10-31,,3096,3096,0,0,0,False,Transfer,3135092,receiving_detail.xlsx,2026-09,2026-09-03T06:40:33.737466,2026-09-03T06:40:33.737466
2026-02-02,Transfer,Transfer Receipt,PTR-2602-0017,30000,ELISIO1-15H,,,2026-02-02,CAB01-JKT,,,MDN-PAR,25K21DHR,2028-10-31,,2280,2280,0,0,0,False,Transfer,3135090,receiving_detail.xlsx,2026-09,2026-09-03T06:40:33.737466,2026-09-03T06:40:33.737466
2026-02-02,Transfer,Transfer Receipt,PTR-2602-0017,30000,ELISIO1-15H,,,2026-02-02,CAB01-JKT,,,MDN-PAR,25K21CHR,2028-10-31,,5040,5040,0,0,0,False,Transfer,3135088,receiving_detail.xlsx,2026-09,2026-09-03T06:40:33.737466,2026-09-03T06:40:33.737466
2026-02-02,Transfer,Transfer Receipt,PTR-2602-0017,30000,ELISIO1-15H,,,2026-02-02,CAB01-JKT,,,MDN-PAR,25I07DHR,2028-08-31,,672,672,0,0,0,False,Transfer,3135086,receiving_detail.xlsx,2026-09,2026-09-03T06:40:33.737466,2026-09-03T06:40:33.737466
2026-02-02,Transfer,Transfer Receipt,PTR-2602-0017,20000,LDT-2.1-1-4W,,,2026-02-02,CAB01-JKT,,,MDN-PAR,33797888,9999-12-31,,308,308,0,0,0,False,Transfer,3135084,receiving_detail.xlsx,2026-09,2026-09-03T06:40:33.737466,2026-09-03T06:40:33.737466
2026-02-02,Transfer,Transfer Receipt,PTR-2602-0017,20000,LDT-2.1-1-4W,,,2026-02-02,CAB01-JKT,,,MDN-PAR,33797888,9999-12-31,,76,76,0,0,0,False,Transfer,3135083,receiving_detail.xlsx,2026-09,2026-09-03T06:40:33.737466,2026-09-03T06:40:33.737466
2026-02-02,Transfer,Transfer Receipt,PTR-2602-0017,10000,LDT-2.2-3-8W,,,2026-02-02,CAB01-JKT,,,MDN-PAR,34447788,9999-12-31,,45,45,0,0,0,False,Transfer,3135081,receiving_detail.xlsx,2026-09,2026-09-03T06:40:33.737466,2026-09-03T06:40:33.737466
2026-01-30,Transfer,Transfer Receipt,PTR-2601-0974,40000,DS50CT-R-N,,,2026-01-30,CAB01-JKT,,,MDN-PAR,25C2201J,2030-02-28,,60,60,0,0,0,False,Transfer,3133336,receiving_detail.xlsx,2026-09,2026-09-03T06:40:33.737466,2026-09-03T06:40:33.737466
2026-01-30,Transfer,Transfer Receipt,PTR-2601-0974,30000,DS10L2138R-N,,,2026-01-30,CAB01-JKT,,,MDN-PAR,25G2507J,2030-06-30,,584,584,0,0,0,False,Transfer,3133334,receiving_detail.xlsx,2026-09,2026-09-03T06:40:33.737466,2026-09-03T06:40:33.737466
2026-01-30,Transfer,Transfer Receipt,PTR-2601-0974,30000,DS10L2138R-N,,,2026-01-30,CAB01-JKT,,,MDN-PAR,25G2507J,2030-06-30,,416,416,0,0,0,False,Transfer,3133333,receiving_detail.xlsx,2026-09,2026-09-03T06:40:33.737466,2026-09-03T06:40:33.737466
2026-01-30,Transfer,Transfer Receipt,PTR-2601-0974,20000,DS01T2613R-N,,,2026-01-30,CAB01-JKT,,,MDN-PAR,25G1301J,2030-06-30,,500,500,500,0,0,True,Transfer,3133331,receiving_detail.xlsx,2026-09,2026-09-03T06:40:33.737466,2026-09-03T06:40:33.737466
2026-01-30,Transfer,Transfer Receipt,PTR-2601-0974,10000,NIC2025-N-E,,,2026-01-30,CAB01-JKT,,,MDN-PAR,24L0106J,2029-11-30,,7,7,0,0,0,False,Transfer,3133329,receiving_detail.xlsx,2026-09,2026-09-03T06:40:33.737466,2026-09-03T06:40:33.737466
2026-01-30,Transfer,Transfer Receipt,PTR-2601-0974,10000,NIC2025-N-E,,,2026-01-30,CAB01-JKT,,,MDN-PAR,24L0106J,2029-11-30,,100,100,0,0,0,False,Transfer,3133328,receiving_detail.xlsx,2026-09,2026-09-03T06:40:33.737466,2026-09-03T06:40:33.737466
2026-01-30,Transfer,Transfer Receipt,PTR-2601-0974,10000,NIC2025-N-E,,,2026-01-30,CAB01-JKT,,,MDN-PAR,24L0106J,2029-11-30,,50,50,0,0,0,False,Transfer,3133327,receiving_detail.xlsx,2026-09,2026-09-03T06:40:33.737466,2026-09-03T06:40:33.737466
2026-01-30,Transfer,Transfer Receipt,PTR-2601-0974,10000,NIC2025-N-E,,,2026-01-30,CAB01-JKT,,,MDN-PAR,24L0106J,2029-11-30,,43,43,0,0,0,False,Transfer,3133326,receiving_detail.xlsx,2026-09,2026-09-03T06:40:33.737466,2026-09-03T06:40:33.737466
2026-01-28,Transfer,Transfer Receipt,PTR-2601-0863,10000,AK1-10L,,,2026-01-28,CAB01-JKT,,,MDN-PAR,J-25-1114-7,2027-11-14,,634,634,0,0,0,False,Transfer,3128165,receiving_detail.xlsx,2026-09,2026-09-03T06:40:33.737466,2026-09-03T06:40:33.737466
2026-01-28,Transfer,Transfer Receipt,PTR-2601-0863,10000,AK1-10L,,,2026-01-28,CAB01-JKT,,,MDN-PAR,J-25-1113-4,2027-11-13,,641,641,0,0,0,False,Transfer,3128163,receiving_detail.xlsx,2026-09,2026-09-03T06:40:33.737466,2026-09-03T06:40:33.737466
2026-01-28,Transfer,Transfer Receipt,PTR-2601-0863,10000,AK1-10L,,,2026-01-28,CAB01-JKT,,,MDN-PAR,J-25-1113-1,2027-11-13,,575,575,0,0,0,False,Transfer,3128161,receiving_detail.xlsx,2026-09,2026-09-03T06:40:33.737466,2026-09-03T06:40:33.737466
2026-01-26,Transfer,Transfer Receipt,PTR-2601-0737,80000,HD PACK 3F,,,2026-01-26,CAB01-JKT,,,MDN-PAR,OP3/5251,2030-11-30,,1000,1000,1000,0,0,True,Transfer,3123885,receiving_detail.xlsx,2026-09,2026-09-03T06:40:33.737466,2026-09-03T06:40:33.737466
2026-01-26,Transfer,Transfer Receipt,PTR-2601-0737,70000,PR-325104-50ST,,,2026-01-26,CAB01-JKT,,,MDN-PAR,YF19KBWJA,2027-03-31,,100,100,0,0,0,False,Transfer,3123883,receiving_detail.xlsx,2026-09,2026-09-03T06:40:33.737466,2026-09-03T06:40:33.737466
2026-01-26,Transfer,Transfer Receipt,PTR-2601-0737,70000,PR-325104-50ST,,,2026-01-26,CAB01-JKT,,,MDN-PAR,YF19KBWJA,2027-03-31,,900,900,0,0,0,False,Transfer,3123882,receiving_detail.xlsx,2026-09,2026-09-03T06:40:33.737466,2026-09-03T06:40:33.737466
2026-01-26,Transfer,Transfer Receipt,PTR-2601-0737,60000,FB90G,,,2026-01-26,CAB01-JKT,,,MDN-PAR,25D07B,2028-03-31,,48,48,0,0,0,False,Transfer,3123880,receiving_detail.xlsx,2026-09,2026-09-03T06:40:33.737466,2026-09-03T06:40:33.737466
2026-01-26,Transfer,Transfer Receipt,PTR-2601-0737,40000,SCL-HD,,,2026-01-26,CAB01-JKT,,,MDN-PAR,OOJ2502A,2026-08-03,,8,8,0,0,0,False,Transfer,3123878,receiving_detail.xlsx,2026-09,2026-09-03T06:40:33.737466,2026-09-03T06:40:33.737466
2026-01-26,Transfer,Transfer Receipt,PTR-2601-0737,30000,A133-V702,,,2026-01-26,CAB01-JKT,,,MDN-PAR,25C17.,2030-02-28,,240,240,0,0,0,False,Transfer,3123876,receiving_detail.xlsx,2026-09,2026-09-03T06:40:33.737466,2026-09-03T06:40:33.737466
2026-01-26,Transfer,Transfer Receipt,PTR-2601-0737,20000,HD PACK-2B,,,2026-01-26,CAB01-JKT,,,MDN-PAR,OP3/5280,2030-12-31,,600,600,0,0,0,False,Transfer,3123874,receiving_detail.xlsx,2026-09,2026-09-03T06:40:33.737466,2026-09-03T06:40:33.737466
2026-01-26,Transfer,Transfer Receipt,PTR-2601-0737,20000,HD PACK-2B,,,2026-01-26,CAB01-JKT,,,MDN-PAR,OP3/5280,2030-12-31,,400,400,0,0,0,False,Transfer,3123873,receiving_detail.xlsx,2026-09,2026-09-03T06:40:33.737466,2026-09-03T06:40:33.737466
2026-01-26,Transfer,Transfer Receipt,PTR-2601-0737,10000,NIC2425-N-E,,,2026-01-26,CAB01-JKT,,,MDN-PAR,23J2006J,2028-09-30,,2000,2000,0,0,0,False,Transfer,3123871,receiving_detail.xlsx,2026-09,2026-09-03T06:40:33.737466,2026-09-03T06:40:33.737466
2026-01-26,Transfer,Transfer Receipt,PTR-2601-0736,10000,ELISIO1-13H,,,2026-01-26,CAB01-JKT,,,MDN-PAR,25B12BHR,2028-01-31,,3432,3432,0,0,0,False,Transfer,3123869,receiving_detail.xlsx,2026-09,2026-09-03T06:40:33.737466,2026-09-03T06:40:33.737466
2026-01-21,Transfer,Transfer Receipt,PTR-2601-0611,10000,SCL-HD,,,2026-01-21,CAB01-JKT,,,MDN-PAR,OOJ2502A,2026-08-03,,8,8,0,0,0,False,Transfer,3118731,receiving_detail.xlsx,2026-09,2026-09-03T06:40:33.737466,2026-09-03T06:40:33.737466
2026-01-21,Transfer,Transfer Receipt,PTR-2601-0610,10000,AK1-10L,,,2026-01-21,CAB01-JKT,,,MDN-PAR,J-25-1024-7,2027-10-24,,612,612,0,0,0,False,Transfer,3118729,receiving_detail.xlsx,2026-09,2026-09-03T06:40:33.737466,2026-09-03T06:40:33.737466
2026-01-21,Transfer,Transfer Receipt,PTR-2601-0610,10000,AK1-10L,,,2026-01-21,CAB01-JKT,,,MDN-PAR,J-25-1021-7,2027-10-21,,112,112,0,0,0,False,Transfer,3118727,receiving_detail.xlsx,2026-09,2026-09-03T06:40:33.737466,2026-09-03T06:40:33.737466
2026-01-21,Transfer,Transfer Receipt,PTR-2601-0610,10000,AK1-10L,,,2026-01-21,CAB01-JKT,,,MDN-PAR,J-25-1021-6,2027-10-21,,335,335,0,0,0,False,Transfer,3118725,receiving_detail.xlsx,2026-09,2026-09-03T06:40:33.737466,2026-09-03T06:40:33.737466
2026-01-21,Transfer,Transfer Receipt,PTR-2601-0610,10000,AK1-10L,,,2026-01-21,CAB01-JKT,,,MDN-PAR,J-25-1027-6,2027-10-27,,641,641,0,0,0,False,Transfer,3118723,receiving_detail.xlsx,2026-09,2026-09-03T06:40:33.737466,2026-09-03T06:40:33.737466
2026-01-19,Transfer,Transfer Receipt,PTR-2601-0502,20000,A016-R-V604R,,,2026-01-19,CAB01-JKT,,,MDN-PAR,25L13L5J,2030-11-30,,13992,13992,0,0,0,False,Transfer,3114106,receiving_detail.xlsx,2026-09,2026-09-03T06:40:33.737466,2026-09-03T06:40:33.737466
2026-01-19,Transfer,Transfer Receipt,PTR-2601-0502,20000,A016-R-V604R,,,2026-01-19,CAB01-JKT,,,MDN-PAR,25L12L5J,2030-11-30,,1100,1100,0,0,0,False,Transfer,3114104,receiving_detail.xlsx,2026-09,2026-09-03T06:40:33.737466,2026-09-03T06:40:33.737466
2026-01-19,Transfer,Transfer Receipt,PTR-2601-0502,10000,NIC2420-N-E,,,2026-01-19,CAB01-JKT,,,MDN-PAR,25K1406J,2030-10-31,,20000,20000,0,0,0,False,Transfer,3114102,receiving_detail.xlsx,2026-09,2026-09-03T06:40:33.737466,2026-09-03T06:40:33.737466
2026-01-19,Transfer,Transfer Receipt,PTR-2601-0473,50000,AT10L,,,2026-01-19,CAB01-MDN,,,MDN-PAR,J-25-0712-7,2026-07-12,,200,200,0,0,0,False,Transfer,3112919,receiving_detail.xlsx,2026-09,2026-09-03T06:40:33.737466,2026-09-03T06:40:33.737466
2026-01-19,Transfer,Transfer Receipt,PTR-2601-0473,40000,ELISIO1-15H,,,2026-01-19,CAB01-MDN,,,MDN-PAR,25F14CHR,2028-05-31,,200,200,0,0,0,False,Transfer,3112917,receiving_detail.xlsx,2026-09,2026-09-03T06:40:33.737466,2026-09-03T06:40:33.737466
2026-01-19,Transfer,Transfer Receipt,PTR-2601-0473,30000,AK10L,,,2026-01-19,CAB01-MDN,,,MDN-PAR,J-25-0903-3,2027-09-03,,100,100,0,0,0,False,Transfer,3112915,receiving_detail.xlsx,2026-09,2026-09-03T06:40:33.737466,2026-09-03T06:40:33.737466
2026-01-19,Transfer,Transfer Receipt,PTR-2601-0473,20000,AVF1625-HC-N,,,2026-01-19,CAB01-MDN,,,MDN-PAR,25F0706J,2030-05-31,,400,400,0,0,0,False,Transfer,3112913,receiving_detail.xlsx,2026-09,2026-09-03T06:40:33.737466,2026-09-03T06:40:33.737466
2026-01-19,Transfer,Transfer Receipt,PTR-2601-0473,10000,A016-R-V604R,,,2026-01-19,CAB01-MDN,,,MDN-PAR,25H11L7J,2030-07-31,,200,200,0,0,0,False,Transfer,3112911,receiving_detail.xlsx,2026-09,2026-09-03T06:40:33.737466,2026-09-03T06:40:33.737466
2026-01-15,Transfer,Transfer Receipt,PTR-2601-0459,10000,AK1-10L,,,2026-01-15,CAB01-JKT,,,MDN-PAR,J-25-1030-4,2027-10-30,,315,315,0,0,0,False,Transfer,3112517,receiving_detail.xlsx,2026-09,2026-09-03T06:40:33.737466,2026-09-03T06:40:33.737466
2026-01-15,Transfer,Transfer Receipt,PTR-2601-0459,10000,AK1-10L,,,2026-01-15,CAB01-JKT,,,MDN-PAR,J-25-1029-7,2027-10-29,,641,641,0,0,0,False,Transfer,3112515,receiving_detail.xlsx,2026-09,2026-09-03T06:40:33.737466,2026-09-03T06:40:33.737466
2026-01-15,Transfer,Transfer Receipt,PTR-2601-0459,10000,AK1-10L,,,2026-01-15,CAB01-JKT,,,MDN-PAR,J-25-1020-4,2027-10-20,,62,62,0,0,0,False,Transfer,3112513,receiving_detail.xlsx,2026-09,2026-09-03T06:40:33.737466,2026-09-03T06:40:33.737466
2026-01-15,Transfer,Transfer Receipt,PTR-2601-0459,10000,AK1-10L,,,2026-01-15,CAB01-JKT,,,MDN-PAR,J-25-1030-3,2027-10-30,,191,191,0,0,0,False,Transfer,3112511,receiving_detail.xlsx,2026-09,2026-09-03T06:40:33.737466,2026-09-03T06:40:33.737466
2026-01-15,Transfer,Transfer Receipt,PTR-2601-0459,10000,AK1-10L,,,2026-01-15,CAB01-JKT,,,MDN-PAR,J-25-1030-6,2027-10-30,,641,641,0,0,0,False,Transfer,3112509,receiving_detail.xlsx,2026-09,2026-09-03T06:40:33.737466,2026-09-03T06:40:33.737466
2026-01-12,Transfer,Transfer Receipt,PTR-2601-0311,10000,FG-SC-002,,,2026-01-12,CAB01-JKT,,,MDN-PAR,J-25-0930-08,2027-09-30,,941,941,0,0,0,False,Transfer,3105728,receiving_detail.xlsx,2026-09,2026-09-03T06:40:33.737466,2026-09-03T06:40:33.737466
2026-01-12,Transfer,Transfer Receipt,PTR-2601-0311,10000,FG-SC-002,,,2026-01-12,CAB01-JKT,,,MDN-PAR,J-25-0930-07,2027-09-30,,960,960,0,0,0,False,Transfer,3105726,receiving_detail.xlsx,2026-09,2026-09-03T06:40:33.737466,2026-09-03T06:40:33.737466
2026-01-12,Transfer,Transfer Receipt,PTR-2601-0311,10000,FG-SC-002,,,2026-01-12,CAB01-JKT,,,MDN-PAR,J-25-0930-06,2027-09-30,,960,960,0,0,0,False,Transfer,3105724,receiving_detail.xlsx,2026-09,2026-09-03T06:40:33.737466,2026-09-03T06:40:33.737466
2026-01-12,Transfer,Transfer Receipt,PTR-2601-0311,10000,FG-SC-002,,,2026-01-12,CAB01-JKT,,,MDN-PAR,J-25-0930-05,2027-09-30,,160,160,0,0,0,False,Transfer,3105722,receiving_detail.xlsx,2026-09,2026-09-03T06:40:33.737466,2026-09-03T06:40:33.737466
2026-01-12,Transfer,Transfer Receipt,PTR-2601-0311,10000,FG-SC-002,,,2026-01-12,CAB01-JKT,,,MDN-PAR,J-25-0930-04,2027-09-30,,160,160,0,0,0,False,Transfer,3105720,receiving_detail.xlsx,2026-09,2026-09-03T06:40:33.737466,2026-09-03T06:40:33.737466
2026-01-12,Transfer,Transfer Receipt,PTR-2601-0311,10000,FG-SC-002,,,2026-01-12,CAB01-JKT,,,MDN-PAR,J-25-0930-03,2027-09-30,,960,960,0,0,0,False,Transfer,3105718,receiving_detail.xlsx,2026-09,2026-09-03T06:40:33.737466,2026-09-03T06:40:33.737466
2026-01-12,Transfer,Transfer Receipt,PTR-2601-0311,10000,FG-SC-002,,,2026-01-12,CAB01-JKT,,,MDN-PAR,J-25-0929-09,2027-06-29,,161,161,0,0,0,False,Transfer,3105716,receiving_detail.xlsx,2026-09,2026-09-03T06:40:33.737466,2026-09-03T06:40:33.737466
2026-01-12,Transfer,Transfer Receipt,PTR-2601-0311,10000,FG-SC-002,,,2026-01-12,CAB01-JKT,,,MDN-PAR,J-25-0929-08,2027-06-29,,160,160,0,0,0,False,Transfer,3105714,receiving_detail.xlsx,2026-09,2026-09-03T06:40:33.737466,2026-09-03T06:40:33.737466
2026-01-12,Transfer,Transfer Receipt,PTR-2601-0311,10000,FG-SC-002,,,2026-01-12,CAB01-JKT,,,MDN-PAR,J-25-0929-07,2027-06-29,,160,160,0,0,0,False,Transfer,3105712,receiving_detail.xlsx,2026-09,2026-09-03T06:40:33.737466,2026-09-03T06:40:33.737466
2026-01-12,Transfer,Transfer Receipt,PTR-2601-0311,10000,FG-SC-002,,,2026-01-12,CAB01-JKT,,,MDN-PAR,J-25-0929-06,2027-06-29,,160,160,0,0,0,False,Transfer,3105710,receiving_detail.xlsx,2026-09,2026-09-03T06:40:33.737466,2026-09-03T06:40:33.737466
2026-01-12,Transfer,Transfer Receipt,PTR-2601-0311,10000,FG-SC-002,,,2026-01-12,CAB01-JKT,,,MDN-PAR,J-25-0929-05,2027-06-29,,160,160,0,0,0,False,Transfer,3105708,receiving_detail.xlsx,2026-09,2026-09-03T06:40:33.737466,2026-09-03T06:40:33.737466
2026-01-12,Transfer,Transfer Receipt,PTR-2601-0311,10000,FG-SC-002,,,2026-01-12,CAB01-JKT,,,MDN-PAR,J-25-0929-04,2027-06-29,,338,338,0,0,0,False,Transfer,3105706,receiving_detail.xlsx,2026-09,2026-09-03T06:40:33.737466,2026-09-03T06:40:33.737466
2026-01-12,Transfer,Transfer Receipt,PTR-2601-0311,10000,FG-SC-002,,,2026-01-12,CAB01-JKT,,,MDN-PAR,J-25-0930-02,2027-09-30,,160,160,0,0,0,False,Transfer,3105704,receiving_detail.xlsx,2026-09,2026-09-03T06:40:33.737466,2026-09-03T06:40:33.737466
2026-01-12,Transfer,Transfer Receipt,PTR-2601-0311,10000,FG-SC-002,,,2026-01-12,CAB01-JKT,,,MDN-PAR,J-25-0930-01,2027-09-30,,960,960,0,0,0,False,Transfer,3105702,receiving_detail.xlsx,2026-09,2026-09-03T06:40:33.737466,2026-09-03T06:40:33.737466
2026-01-12,Transfer,Transfer Receipt,PTR-2601-0310,10000,FB90G,,,2026-01-12,CAB01-JKT,,,MDN-PAR,25D07B,2028-03-31,,48,48,0,0,0,False,Transfer,3105700,receiving_detail.xlsx,2026-09,2026-09-03T06:40:33.737466,2026-09-03T06:40:33.737466
2026-01-12,Transfer,Transfer Receipt,PTR-2601-0273,10000,FG-SC-002,,,2026-01-12,CAB01-JKT,,,MDN-PAR,J-25-1219-05,2027-12-19,,243,243,0,0,0,False,Transfer,3103872,receiving_detail.xlsx,2026-09,2026-09-03T06:40:33.737466,2026-09-03T06:40:33.737466
2026-01-12,Transfer,Transfer Receipt,PTR-2601-0273,10000,FG-SC-002,,,2026-01-12,CAB01-JKT,,,MDN-PAR,J-25-1219-04,2027-12-19,,961,961,0,0,0,False,Transfer,3103870,receiving_detail.xlsx,2026-09,2026-09-03T06:40:33.737466,2026-09-03T06:40:33.737466
2026-01-12,Transfer,Transfer Receipt,PTR-2601-0273,10000,FG-SC-002,,,2026-01-12,CAB01-JKT,,,MDN-PAR,J-25-1219-03,2027-12-19,,961,961,0,0,0,False,Transfer,3103868,receiving_detail.xlsx,2026-09,2026-09-03T06:40:33.737466,2026-09-03T06:40:33.737466
2026-01-12,Transfer,Transfer Receipt,PTR-2601-0273,10000,FG-SC-002,,,2026-01-12,CAB01-JKT,,,MDN-PAR,J-25-1219-02,2027-12-19,,961,961,0,0,0,False,Transfer,3103866,receiving_detail.xlsx,2026-09,2026-09-03T06:40:33.737466,2026-09-03T06:40:33.737466
2026-01-12,Transfer,Transfer Receipt,PTR-2601-0273,10000,FG-SC-002,,,2026-01-12,CAB01-JKT,,,MDN-PAR,J-25-1219-01,2027-12-19,,961,961,0,0,0,False,Transfer,3103864,receiving_detail.xlsx,2026-09,2026-09-03T06:40:33.737466,2026-09-03T06:40:33.737466
2026-01-12,Transfer,Transfer Receipt,PTR-2601-0273,10000,FG-SC-002,,,2026-01-12,CAB01-JKT,,,MDN-PAR,J-25-1218-09,2027-12-18,,961,961,0,0,0,False,Transfer,3103862,receiving_detail.xlsx,2026-09,2026-09-03T06:40:33.737466,2026-09-03T06:40:33.737466
2026-01-12,Transfer,Transfer Receipt,PTR-2601-0273,10000,FG-SC-002,,,2026-01-12,CAB01-JKT,,,MDN-PAR,J-25-1218-08,2027-12-18,,961,961,0,0,0,False,Transfer,3103860,receiving_detail.xlsx,2026-09,2026-09-03T06:40:33.737466,2026-09-03T06:40:33.737466
2026-01-12,Transfer,Transfer Receipt,PTR-2601-0273,10000,FG-SC-002,,,2026-01-12,CAB01-JKT,,,MDN-PAR,J-25-1218-07,2027-12-18,,961,961,0,0,0,False,Transfer,3103858,receiving_detail.xlsx,2026-09,2026-09-03T06:40:33.737466,2026-09-03T06:40:33.737466
2026-01-12,Transfer,Transfer Receipt,PTR-2601-0273,10000,FG-SC-002,,,2026-01-12,CAB01-JKT,,,MDN-PAR,J-25-1218-06,2027-12-18,,961,961,0,0,0,False,Transfer,3103856,receiving_detail.xlsx,2026-09,2026-09-03T06:40:33.737466,2026-09-03T06:40:33.737466
2026-01-12,Transfer,Transfer Receipt,PTR-2601-0273,10000,FG-SC-002,,,2026-01-12,CAB01-JKT,,,MDN-PAR,J-25-1218-05,2027-12-18,,961,961,0,0,0,False,Transfer,3103854,receiving_detail.xlsx,2026-09,2026-09-03T06:40:33.737466,2026-09-03T06:40:33.737466
2026-01-12,Transfer,Transfer Receipt,PTR-2601-0273,10000,FG-SC-002,,,2026-01-12,CAB01-JKT,,,MDN-PAR,J-25-1218-04,2027-12-18,,961,961,0,0,0,False,Transfer,3103852,receiving_detail.xlsx,2026-09,2026-09-03T06:40:33.737466,2026-09-03T06:40:33.737466
2026-01-12,Transfer,Transfer Receipt,PTR-2601-0273,10000,FG-SC-002,,,2026-01-12,CAB01-JKT,,,MDN-PAR,J-25-1218-03,2027-12-18,,961,961,0,0,0,False,Transfer,3103850,receiving_detail.xlsx,2026-09,2026-09-03T06:40:33.737466,2026-09-03T06:40:33.737466
2026-01-12,Transfer,Transfer Receipt,PTR-2601-0273,10000,FG-SC-002,,,2026-01-12,CAB01-JKT,,,MDN-PAR,J-25-1218-02,2027-12-18,,961,961,0,0,0,False,Transfer,3103848,receiving_detail.xlsx,2026-09,2026-09-03T06:40:33.737466,2026-09-03T06:40:33.737466
2026-01-12,Transfer,Transfer Receipt,PTR-2601-0273,10000,FG-SC-002,,,2026-01-12,CAB01-JKT,,,MDN-PAR,J-25-1218-01,2027-12-18,,961,961,0,0,0,False,Transfer,3103846,receiving_detail.xlsx,2026-09,2026-09-03T06:40:33.737466,2026-09-03T06:40:33.737466
2026-01-12,Transfer,Transfer Receipt,PTR-2601-0273,10000,FG-SC-002,,,2026-01-12,CAB01-JKT,,,MDN-PAR,J-25-1217-09,2027-12-17,,64,64,0,0,0,False,Transfer,3103844,receiving_detail.xlsx,2026-09,2026-09-03T06:40:33.737466,2026-09-03T06:40:33.737466
